"LOCATION","INCOME_CLASS","RATE_NEO_2017","RATE_U5_2017","RATE_NEO_U5_2017","RATE_NEO_2016","RATE_U5_2016","RATE_NEO_U5_2016","DELTA_RATE_NEO","DELTA_RATE_U5","DELTA_RATE_NEO_U5","FERTILITY_RATE_LAGGED","PLUS_65_YEARS_LAGGED","GDP_PPP_LAGGED1","PROP_PUBLIC_HEALTH_EXP_LAGGED2","PUBLIC_EXP_LAGGED2","TAX_PPP_LAGGED3","OOP_PPP_LAGGED4","GINI_LAGGED","POVERTY_GAP_LAGGED","INFLATION_LAGGED","UNEMPLOYMENT_LAGGED","BASIC_SANITATION_LAGGED","BASIC_WATER_LAGGED","UNEMPLOYMENT_FEM_LAGGED","SCHOOL_FEM_LAGGED","WOMEN_PARLIAMENT_LAGGED","SCHOOL_LIFE_EXP_LAGGED","OUT_OF_SCHOOL_LAGGED","CONTROL_CORRUPTION_LAGGED","GOV_EFFECTIVENESS_LAGGED","POLITICAL_STABILITY_LAGGED","REGULATORY_QUALITY_LAGGED","RULE_OF_LAW_LAGGED","UNDERNOURISHMENT_LAGGED","DOCTORS_LAGGED","DELIVERY_ASSISTANCE_LAGGED","AIDS_PREVALENCE_LAGGED","MALARIA_INCIDENCE_LAGGED","DPT_LAGGED","HOSPITAL_BEDS_LAGGED","ELECTRICITY_LAGGED","URBAN_RATE_LAGGED","SURFACE","LONG","LAT"
"Afghanistan","L",26.8713423979964,63.2816280138235,36.4102856158271,27.9407801211379,69.0098686206101,41.0690884994723,-1.06943772314148,-5.72824060678663,-4.65880288364514,6.475,0.0265220730168266,683.65492383321,0.0998102921592319,174.695451446502,-15.2465405490141,39.2415359985492,26.4,6.6,-2.31631178254788,2.37250006198883,33.5433529479344,47.0877241287534,2.83350002765656,1.910475,27.5,2.92882,52.438845,-1.635723,-1.454683,-2.579152,-1.532861,-1.846264,22.5,0.2276,34.3,0.1,15.92,64.5,0.4,43.7774425506592,23.6325,652860,66.0866902219283,33.8563992816908
"Angola","LM",23.0373795248134,64.7438682784886,41.7064887536752,23.9593015460011,68.6003119817138,44.6410104357127,-0.921922021187655,-3.85644370322514,-2.93452168203748,6.1,0.0215252793025082,637.028603501591,0.0429600630543881,249.190117896512,-55.2152997548558,2.99251369889203,39.7,3.6,14.0999702110492,9.84899997711184,40.4275315436122,49.9760025518413,10.4554996490478,1.35953,38.6,1.6592,24.33036,-1.32573,-1.117896,-0.2261823,-1.035929,-1.248061,41.45,0.1311,43.9,1.7,133.76,43,0.84,32.9487094879151,59.4085,1246700,17.4705725523135,-12.2458690361332
"Argentina","UM",6.38913684763134,11.033700126399,4.64456327876764,6.53717601218446,11.2673074895926,4.73013147740814,-0.148039164553127,-0.233607363193626,-0.0855681986404973,2.325,0.101625210892927,1776.41904227611,0.165792778399878,650.921539139206,43.145426892012,27.8497131391607,31.7,1,1.78633939621243,8.17950034141541,92.3399939074148,98.3660581023102,9.53999996185303,6.3552,38.5,6.048105,2.05979,-0.3614692,-0.16279,-0.0847979,-0.7623686,-0.6329934,4.05,3.21,96.435,0.4,0.07,94,4.5,98.5916825866699,90.77,2780400,-65.1753607711417,-35.4468214894951
"Armenia","LM",5.44146443781146,9.62346882837521,4.18200439056375,5.59695761892442,9.93073728767904,4.33377966875462,-0.155493181112964,-0.307268459303831,-0.151775278190868,1.575,0.105114644423173,8131.89960993717,0.0698544702149189,1773.22177867211,1200.62059155626,175.636083983681,23.95,0.3,5.79156410578877,18.8739995956421,90.755837178266,98.1026967489493,20.5769996643066,7.193255,9.2,7.24253,2.270365,-0.6963042,-0.1838435,0.0718553,0.3094823,-0.48224595,5.4,2.75945,99.75,0.2,0.49,93.5,3.7,99.6599067687988,63.49,29740,45.0002900110148,40.2166076123014
"Australia","H",2.27535100905402,3.89493504618422,1.61958403713021,2.32044766026192,3.96810127243083,1.64765361216891,-0.0450966512078996,-0.0731662262466064,-0.0280695750387054,1.995,0.136021784105341,49173.2001606532,0.165758582364742,17720.8580417989,3014.85878251363,719.587369957052,26.4,0.3,2.34472859649314,5.38599991798401,99.9911523822512,99.8741453678969,5.38849997520447,6.200055,26,6.08454,0.62409,2.031455,1.768756,0.8888599,1.698415,1.752682,2.5,3.11845,99.1,0.1,0.78,92,3.85,100,85.1225,7741220,134.502775475366,-25.7306547797261
"Austria","H",2.04821843516665,3.38262608786979,1.33440765270315,2.19632040528597,3.58845756108505,1.39213715579908,-0.148101970119329,-0.205831473215262,-0.0577295030959331,1.425,0.176530576495155,44915.918210706,0.143714182681021,22210.3384160957,6718.83883298654,696.130890590554,24.1,0.4,1.15992231522888,5.0605001449585,99.9867023813059,100,4.85700011253357,7.6942,27.9,7.85606,1.776455,1.585462,1.841763,1.152648,1.452815,1.792595,2.5,4.7688,98.55,0.1,0,84.5,7.7,100,57.541,83879.00390625,14.0761588843371,47.6139487927463
"Azerbaijan","UM",19.6256072283428,34.4350844341627,14.8094772058199,20.310029949331,35.7930934250158,15.4830634756848,-0.684422720988184,-1.35800899085309,-0.673586269864902,2.1,0.0572573717225786,8476.24576690521,0.0327465381506581,3092.53769118845,679.660541222795,279.534056310944,26.4,0,3.59777370154843,5.68499994277954,81.4369537957444,86.2617221453505,6.75550007820129,6.99121,13.7,6.52825,11.322835,-1.243802,-0.8069344,-0.2385469,-0.3723761,-0.88652315,2.5,3.72245,99.6,0.1,0.24,81,6.3,99.9252052307129,53.298,86600,47.5539095580061,40.2206905476617
"Bangladesh","LM",23.8378650373586,37.7382309590126,13.9003659216541,25.4111108385603,40.6358092640584,15.2246984254981,-1.57324580120174,-2.89757830504576,-1.32433250384402,2.42,0.0460496913079268,1822.58869374565,0.0526001075049314,218.606323424396,129.52822485316,20.9365707989877,26.9,3.6,6.77507437672299,4.1894999742508,38.5328321284489,96.4182148648357,5.90199995040894,3.587585,18.6,3.42243,28.823565,-1.057121,-0.7356325,-1.425789,-0.8470868,-0.79424355,16.75,0.3482,25.45,0.1,6.96,95.5,0.2,54.4464272308349,30.0855,148460,90.267928277196,23.8394617953441
"Belarus","UM",3.4470338369628,6.50525629142309,3.05822245446028,3.60341136369294,6.7871410166491,3.18372965295616,-0.156377526730134,-0.281884725226011,-0.125507198495877,1.52,0.138824913483386,14601.8018000821,0.0876352891995354,5924.49571390957,925.327177898558,204.549416740987,22.75,0,10.3407021920826,6.08049988746643,95.1276085218989,97.6715031079964,4.61150002479553,7.2973,31.8,7.374805,2.57037,-0.6940987,-1.114167,-0.0949901,-1.131118,-1.049854,2.5,3.60995,99.9,0.2,0.98,97,11.3,100,74.422,207600,27.981352615448,53.5063447948111
"Belgium","H",1.94247054682877,3.62067734999665,1.67820680316788,1.99838194312972,3.74801876875534,1.74963682562563,-0.0559113963009503,-0.127341418758697,-0.0714300224577462,1.85,0.171047118880548,41864.7124047992,0.153373697695131,22416.218886496,6448.02596524351,630.464287641974,22.7,0.05,1.0680767650496,8.09999990463257,99.4860751298292,99.9999995885742,8.31099987030029,9.71669,38.65,9.14136,3.091515,1.527498,1.575026,0.8106462,1.28502,1.3886005,2.5,2.9085,98.5,0.1,0.15,98,6.5,100,97.627,30530,4.58083411385493,50.652440959023
"Belize","UM",10.9475961184487,18.9304069437209,7.98281082527221,11.334106688171,19.6345838840296,8.30047719585857,-0.386510569722322,-0.704176940308678,-0.317666370586356,2.645,0.0412205352715226,6715.70337805923,0.126448454183522,1940.59509153467,421.871903397989,81.9733195172328,23.95,1,3.59777370154843,10.8870000839234,85.4708646405211,93.6128823597979,16.7684998512268,4.68532,0,4.53327,12.95505,-0.1069449,-0.4300884,0.0704277,-0.4103881,-0.3536931,5.6,0.7979,93.9,1.9,0.68,96.5,1.15,90.3450181322141,45.2365,22970,-88.7034212529932,17.1970899114515
"Bhutan","LM",15.003387385805,24.0802694452497,9.07688205944473,15.8979939459462,25.7297807825833,9.8317868366371,-0.894606560141204,-1.64951133733357,-0.754904777192367,2.47,0.0458033461874198,3373.89494714712,0.0865302809552081,1041.26926794169,574.316469843852,13.7491213878641,25.5,5.8,5.6987526759641,3.63999998569489,61.3161539722402,92.2581182191915,4.81550002098083,3.694575,8.5,3.667185,24.111515,0.9126349,0.5846536,0.7422217,-1.169393,0.1875445,14.55,0.023,65.25,0.3,0.98,92,0.84,73.8722789542946,34.4015,38393.9990234375,90.4724248062037,27.427968649102
"Bosnia and Herzegovina","UM",5.08209465874941,6.59423738405758,1.51214272530816,5.53339627604921,7.18002473395655,1.64662845790734,-0.451301617299801,-0.585787349898973,-0.134485732599172,1.255,0.132964629184214,10776.2244279615,0.14793521839433,4552.84613768446,688.90025372665,234.194894553568,25.7,0.3,0.871013264737397,25.6900005340576,95.2099043506744,96.7054731671483,27.7379999160766,4.780075,17.85,4.5968,5.36091,-0.3371409,-0.7410704,-0.6937302,-0.0880334,-0.3544606,2.5,1.72035,99.9,0.1,0.02,89.5,3.35,99.7905807495117,45.3985,51210,17.8168832703901,44.1807677629747
"Botswana","UM",10.4569498215126,21.0861228713513,10.6291730498386,10.7735907011762,21.8360586643225,11.0624679631462,-0.316640879663581,-0.749935792971176,-0.433294913307595,2.625,0.0389188369388049,8616.65026334441,0.100268462155438,2827.76270802052,3392.70290037928,20.7922071869923,49.6,5.8,7.48808680926344,17.014500617981,65.9621553508896,82.3791430985705,20.7200002670288,4.780075,7.9,4.5968,16.20396,1.026902,0.4473519,0.9912098,0.4557317,0.6704403,29.5,0.37825,99.3,23.3,2.3,95.5,1.8,46.7360706329345,61.6745,581730,23.7730814657894,-22.0997113788264
"Brazil","UM",7.78587572613851,16.7135615922966,8.92768586615811,8.21655999726772,17.7085942909409,9.49203429367317,-0.430684271129217,-0.99503269864428,-0.564348427515064,2.055,0.0710649519242987,9959.69868485882,0.0965408646319151,3801.50827696819,-161.407860583635,215.274845245909,42.2,2.1,4.96338084992435,8.12400007247925,81.6674553991286,96.2087226282787,10.8920001983643,7.16985,8.7,6.83642,1.03012,0.04628,-0.0353412,0.0134759,0.1524443,-0.05621535,2.5,1.8058,98.9,0.5,9.63,99,2.4,98.8699973203125,84.1895,8515770,-53.0543400357671,-10.8067736434989
"Bulgaria","UM",3.92067456503933,7.7395919138962,3.81891734885687,3.92123834140681,7.71976993529084,3.79853159388403,-0.000563776367475288,0.0198219786053642,0.0203857549728399,1.545,0.179272807597142,16091.5131241474,0.10712928073452,5552.17159341335,2620.22054589039,387.878735042175,26.3,0.45,2.59609642209467,8.54800009727478,85.9261756735646,99.4194628392073,8.11349987983704,7.00628,20.8,7.125485,10.01491,-0.1851036,0.1148352,0.3600911,0.6495608,-0.05379045,5.65,3.7764,99.55,0.1,2.55,94,6.55,100,72.1325,111000,25.1951109532771,42.7531187620217
"Burkina Faso","L",26.3400382900247,101.857007644392,75.5169693543669,27.2123022305176,106.132437183799,78.920134953281,-0.872263940492967,-4.27542953940706,-3.40316559891407,5.735,0.0298419495276445,1220.95368096765,0.13708851196447,329.998225789199,284.931576239416,17.5998024280314,32,19.9,0.921972964503208,4.65299987792969,16.7609446832965,51.0595208465937,5.97200012207031,1.3095,15.3,1.529865,61.75434,-0.3506111,-0.5688464,-0.1176371,-0.156401,-0.20080705,21.55,0.04515,65.9,1.2,590.95,91.5,0.4,13.7552206993103,24.356,274220,-1.77653745205594,12.3116504941367
"Cambodia","LM",16.0892711139161,31.1444672227276,15.0551961088115,16.8646575686362,32.9287780243448,16.0641204557086,-0.775386454720135,-1.78431080161715,-1.00892434689702,3.115,0.0410488773018861,1993.01676934948,0.132225474132971,354.626413102573,266.403500534054,50.5197833342889,36.3,15.4,1.66746123856227,1.3289999961853,36.3147891915894,66.7675896537901,1.1985000371933,3.54925,21.1,3.72061,16.20396,-1.243029,-0.9429888,-0.5009844,-0.4753461,-1.1182855,18.8,0.234,71,0.8,35.71,92,0.84,32.7721870422364,20.112,181040,104.876085325252,12.6847286293935
"Canada","H",3.01738090954018,5.35849907514541,2.34111816560523,3.08013191070985,5.46372998678231,2.38359807607246,-0.0627510011696719,-0.105230911636903,-0.0424799104672315,1.705,0.142196555134989,41408.3113849491,0.188275818982382,16390.8738608007,155.526661154632,585.956300889683,25.7,0.1,1.03816917196779,8.19999980926514,99.5745569976618,99.256907645207,7.11999988555908,6.072365,22.1,6.14674,0.91098,2.069799,1.783194,0.9363182,1.695867,1.8048985,2.5,2.0384,98.55,0.1,1.77,90,2.95,100,80.8475,9984670,-98.142381372097,61.4690761453489
"Central African Republic","L",53.5588933126308,168.101690211864,114.542796899233,55.0467124683139,174.970459027603,119.923746559289,-1.48781915568317,-6.86876881573849,-5.38094966005532,4.54,0.0227605777166339,420.694512618163,0.219366414312142,109.438183926351,63.1496920707814,9.36991314890975,39.3,34,2.50656794205904,6.89900016784668,22.6408126076393,48.5265351328011,7.62899994850159,0.70069,9.6,0.98307,58.17714,-0.9296519,-1.387743,-2.020625,-1.159351,-1.2996815,32.2,0.0465,41.85,5.05,481.26,43.5,0.6,9.84421672821045,38.799,622980,20.3743472912439,6.54277870592131
"Chile","H",4.54720053985364,7.15840086379785,2.61120032394421,4.76328438992747,7.46478625014261,2.70150186021514,-0.21608385007383,-0.306385386344759,-0.0903015362709296,1.895,0.0924682672778279,19622.533059735,0.192727765010212,4482.97386039826,2173.5957513655,357.875856840554,39.7,1.3,0.881878128952061,9.86849975585938,97.0540717299191,98.2790731277194,11.6669998168945,5.628485,14.2,5.539895,2.81634,1.497289,1.27253,0.6796045,1.438484,1.3160275,4.2,1.0328,99.815,0.35,0.07,93,2.05,99.4911516787109,87.0455,756096.015625,-71.5206439451643,-39.0470143099484
"China","UM",3.97201320965897,10.0227481154432,6.05073490578421,3.90841056067316,9.82367770704468,5.91526714637152,0.0636026489858064,0.199070408398505,0.135467759412697,1.25,0.0874432958675734,14237.4271051803,0.0952875234933597,3437.44459686829,981.562928195794,154.328283629952,32.6,2.7,1.22357832329133,4.59999990463257,72.7024481577202,88.111301823593,3.98699998855591,5.193425,21.3,5.155545,10.79313,-0.5616429,0.0886487,-0.6570607,-0.234011,-0.4084834,12.35,1.4321,99.45,0.6,0.01,99,3.88,99.4078231811524,48.553,9562911.25,103.883612300632,36.5550665318587
"Colombia","UM",7.18716261718364,13.7139582998957,6.52679568271209,7.43785050989277,14.2194475470247,6.78159703713188,-0.25068789270913,-0.505489247128919,-0.254801354419789,2.45,0.0703209055408363,13148.9672103378,0.131009711164455,3508.35800146333,-777.177359981377,130.170107690714,43.25,3.15,3.23611401652917,11.5250000953674,81.7680610110991,94.7591326236135,15.0460000038147,6.32761,10.55,6.037755,0.763185,-0.385391,-0.0592384,-1.537185,0.2534749,-0.3485316,10.75,1.5557,98.85,0.4,16.12,90,1.65,96.423112,77.7755,1141750,-73.0777320869748,3.9272138627097
"Congo, Rep.","LM",18.455417639169,51.6451155109393,33.1896978717703,18.5804253584883,52.4982199592131,33.9177946007248,-0.125007719319296,-0.853104448273818,-0.728096728954519,4.22,0.0296930175430934,1800.05385680842,0.0316277988524069,836.529841499183,104.53202381759,14.5298841807674,51.8,6.6,2.40326437958993,15.1245002746582,15.8164999794386,65.3633317535712,17.1044998168945,1.84773,7.3,2.2333,36.9759,-1.146635,-1.227733,-0.3164158,-1.27373,-1.2190305,40.9,0.095,28.1,3.15,190.54,76,2,39.8079574584961,63.028,342000,15.1344617674135,-0.837801087225289
"Costa Rica","UM",5.3595601771208,8.1461684023313,2.7866082252105,5.57646375475694,8.49112090745711,2.91465715270017,-0.216903577636147,-0.344952505125812,-0.128048927489666,1.895,0.068552536457402,13609.6545808087,0.295945836006827,2389.99536607215,789.12181355822,221.40205236319,38.25,0.9,6.75270342497421,7.44199991226196,95.5705880773542,98.0386140265529,9.3415002822876,5.130385,37.7,5.02263,0.605385,0.7081604,0.3081369,0.6915372,0.4651055,0.54359275,5.2,2.06685,97.2,0.3,0.07,87,1.2,99.202769,71.1555,51100,-84.1754230960095,9.96567112746453
"Cote d'Ivoire","LM",29.7238274571617,76.1646417240153,46.4408142668536,30.9527224088686,80.0065671887552,49.0538447798866,-1.22889495170682,-3.84192546473986,-2.61303051303303,4.96,0.0234177410002535,2842.10379504436,0.0783858987842691,537.852837144278,956.590951213028,78.3617568762183,34.7,3.35,1.12298034933307,6.62150001525879,26.4851454758734,72.0327376432025,6.69000005722046,1.974285,8.9,2.12668,12.95505,-1.157896,-1.285643,-1.583894,-0.9260469,-1.2258905,21.85,0.144,71.4,3.65,389.18,83,0.7,58.0272388458252,47.12,322460,-5.61204364522522,7.55375500701049
"Croatia","UM",2.76777649749132,4.31116988905197,1.54339339156065,3.06181141837529,4.7619753553602,1.70016393698491,-0.29403492088397,-0.450805466308224,-0.156770545424254,1.495,0.175290626204768,21776.6845168001,0.116719463655872,9975.36427776195,1777.99501759339,215.281904810622,24.05,0.8,1.70454175619123,10.4109997749329,96.3562906832718,99.2229371462601,11.5060000419617,8.23849,23.5,8.017165,1.03026,0.0592684,0.6223207,0.6084636,0.5743341,0.1820466,2.5,2.8428,99.9,0.1,2.55,96.5,5.5,100,55.071,56590,16.5661897716455,45.0162339959311
"Cyprus","H",1.80028331936214,3.074956079487,1.27467276012486,1.92029758124712,3.28330358856632,1.3630060073192,-0.120014261884982,-0.208347509079323,-0.0883332471943405,1.22,0.114359194352206,31902.0904911898,0.0696746948176667,12904.2706885485,-3740.35547605059,998.530232717165,25.95,0,2.30814613167286,5.81349992752075,99.5402969388325,99.7760011456285,5.9465000629425,5.74012,12.5,5.703855,2.15354,0.9748735,1.53183,0.4524448,1.423306,1.214542,4.35,2.1313,98.45,0.1,0.07,99,3.6,100,67.623,9250,33.0395538029541,34.9070608509434
"Czech Republic","H",1.31057124696297,2.76517836235361,1.45460711539063,1.55763415712635,3.23869941169543,1.68106525456908,-0.247062910163381,-0.473521049341829,-0.226458139178447,1.5,0.154643561444375,30993.089872053,0.150877182724973,12016.0204205735,1321.86795980925,275.92473764838,22.35,0,1.2460523130098,6.97049999237061,99.1376530096608,99.8537357892112,8.09100008010864,7.57586,18.75,7.54067,1.20601,0.3316386,0.9052177,0.9892337,1.299505,0.95603585,2.5,3.5744,99.75,0.1,0.15,99,7.05,100,73.2895,78870,15.3345581023658,49.775245294369
"Denmark","H",2.14757247393885,3.65666172602593,1.50908925208709,2.2237168593576,3.79379127066785,1.57007441131025,-0.0761443854187509,-0.137129544641918,-0.0609851592231672,1.82,0.161088677794502,46012.637184104,0.154299743316986,24607.3391249043,4192.14803494848,579.734423863546,22.15,0.05,1.80781713999562,6.73550009727478,99.5972362524734,100.00000220037,5.88849997520447,7.306675,38,7.27006,0.15431,2.358993,2.09679,1.040961,1.876393,1.9111445,2.5,3.4902,98.6,0.1,2.3,89.5,3.5,100,86.7245,43090,9.876372937675,56.0639344617945
"Dominican Republic","UM",17.5162390869481,26.501479575133,8.98524048818499,17.9939028071641,27.3998016097039,9.40589880253973,-0.477663720216093,-0.898322034570825,-0.420658314354736,2.4,0.0622652892205454,9595.41404005187,0.151981405950906,1483.0886226289,890.900011890577,163.958894511851,37.6,0.7,3.88604175990249,5.33949995040894,81.2035306229292,94.1992941008526,7.49749994277954,5.085515,20.25,4.801955,8.50648,-0.8436301,-0.6435439,-0.044954,-0.1522817,-0.7904778,17.55,1.0328,96.9,1.2,0.78,85,1.3,98.001587,73.1475,48670,-70.4623584569753,18.8844870879823
"Egypt, Arab Rep.","LM",7.7676467867712,20.6243160179646,12.8566692311934,8.09604873377415,21.9961008066861,13.9000520729119,-0.328401947002956,-1.37178478872151,-1.04338284171855,2.895,0.0346502944690071,13215.815069963,0.0426695581381484,4322.55447199506,-2558.44803366776,320.658503790929,26.1,0.2,11.5143418519815,8.92199993133545,93.3397810676844,98.5636684238623,22.2530002593994,4.0368,7.25,4.07478,8.55042,-0.6313661,-0.3705819,-0.8984183,-0.1746296,-0.14229825,4.5,2.817,61.5,0.1,0.86,97,1.7,99.5145797729492,43.029,1001450,29.8444615131244,26.5066199997496
"El Salvador","LM",5.64988007698827,12.6222611076427,6.97238103065446,5.99096423450276,13.3793122327589,7.38834799825614,-0.341084157514492,-0.757051125116167,-0.415966967601675,2.06,0.0700868311057911,8201.93225861265,0.213243710726717,1711.83839548699,998.669554014155,163.152810333,34.6,1.55,1.11764303302439,6.11150002479553,85.6138834927785,89.1685209024762,4.53999996185303,4.140085,19,4.17597,6.69709,-0.2769412,0.007418,0.0588422,0.3630272,-0.78011465,12.15,1.596,97.75,0.7,0.02,90,1.05,91.332129,65.011,21040,-88.8729031703238,13.7260916257942
"Equatorial Guinea","UM",17.8414530686379,47.2543731027568,29.4129200341189,18.035930679826,48.37326291405,30.3373322342241,-0.194477611188052,-1.11888981129324,-0.924412200105188,4.83,0.0229309793925084,25895.5237682903,0.014888898728923,9059.53304530167,6957.04795642637,336.244464332656,36.9,4,6.24011557869281,8.1690001487732,63.4227564137652,59.8665815901357,8.87900018692017,1.11031,10,2.49283,52.438845,-1.469079,-1.679618,0.2361282,-1.38044,-1.2857665,34.55,0.1311,34.3,5.6,401.26,43.5,2,65.2736282348633,65.149,28050,10.366031325064,1.64586431996008
"Estonia","H",1.29782210844722,3.03267053478411,1.7348484263369,1.36356609052246,3.17364944009439,1.81008334957193,-0.0657439820752468,-0.140978905310279,-0.0752349232350322,1.66,0.174428324563776,24180.6779560391,0.120078104461041,8892.97615618854,3867.26223808171,240.985077531257,24.35,0.3,1.44681840443797,15.1275005340576,99.3594606090452,99.507511524994,12.1904997825622,6.200055,22.8,6.144215,5.710055,0.9951673,1.085701,0.661367,1.390466,1.145481,2.6,3.2422,99.25,0.7,0.15,94.5,5.3,100,68.1585,45230,25.8247256130266,58.6436954266309
"Ethiopia","L",24.1589789910057,53.4399111691459,29.2809321781402,25.6246163004932,57.3347869327856,31.7101706322924,-1.46563730948753,-3.89487576363971,-2.42923845415218,5.43,0.0252930167232626,1632.55046953731,0.10514596209693,243.606770063664,104.391908823846,20.1867558059063,27.4,9,8.31645403747685,2.37200009822845,5.58682384032883,32.3873017860982,3.08200001716614,1.84773,24.85,2.09383,42.187235,-0.6906257,-0.4322301,-1.635101,-0.8702891,-0.814369,32.9,0.0236,41.85,1.35,129.13,59.5,0.1,24.2114086151123,17.1145,1104300,39.5512557929377,8.65399918813258
"Fiji","UM",11.9162824645919,25.0969744688044,13.1806920042125,11.9979559005387,25.5671815430028,13.5692256424641,-0.0816734359468096,-0.470207074198427,-0.388533638251616,2.77,0.0463926716862503,8558.07342620668,0.078396844026834,2102.24596399327,569.492513622143,56.915227339552,29.9,1.55,3.4292146728595,4.25450015068054,88.5135677005067,94.1342492685683,4.6470000743866,6.36947,17.95,6.08412,2.74166,-0.4590918,-0.7242388,-0.1908275,-0.6676897,-0.80974685,4.5,0.4313,99.75,1.2,0.37,99,2.1,88.8087882995605,51.9145,18270,163.85316464458,-17.3163094263826
"Finland","H",1.23428796747378,2.24895303279379,1.01466506532002,1.23872353705376,2.25707407440672,1.01835053735296,-0.00443556957998426,-0.0081210416129287,-0.00368547203294511,1.845,0.172545770836249,37500.4924724515,0.128028478077349,21183.2637414208,377.550140995008,596.417320546298,22.55,0,0.592067157093048,8.32149982452393,99.4480190105492,100.000001716085,7.60599994659424,6.618975,40,6.459385,2.079105,2.159788,2.22934,1.423607,1.87564,1.9694915,2.5,2.93345,99.8,0.1,2.3,99,6.1,100,83.5995,338420,26.2117646102964,64.5040940396365
"France","H",2.07363739166177,3.88839203811579,1.81475464645402,2.13505942752376,4.02201800069116,1.8869585731674,-0.0614220358619884,-0.133625962575369,-0.0722039267133805,1.965,0.165788437815856,38677.7723955958,0.154147904699452,21606.57451025,3026.71687226571,383.719876393165,26.6,0,0.809371591183346,8.80350017547607,98.6558628062757,99.9716937032519,8.93650007247925,7.42812,18.9,7.40532,0.62409,1.46638,1.430301,0.6810876,1.312381,1.4862035,2.5,3.21175,97.7,0.3,0.07,98.5,6.75,100,78.243,549086.9921875,-2.87669669927055,42.4607043266338
"Georgia","LM",6.31237313112814,10.9172565999627,4.60488346883461,6.60746030634254,11.4232974835011,4.81583717715859,-0.295087175214406,-0.506040883538383,-0.210953708323976,2.045,0.140486575690666,7192.32565020499,0.081890681769626,1830.80302082079,1455.73057862432,320.461135080154,29.2,3.35,4.53363483431561,17.8549995422363,91.9009786140463,95.5994006943025,16.1895003318786,7.20941,5.8,5.0996,10.79313,0.007957,0.3092597,-0.7183209,0.5938427,-0.2072719,7.35,4.5569,99.75,0.2,0,90,3.05,99.4296836853027,55.3425,69700,43.4815426540903,42.162015014153
"Germany","H",2.23499380334949,3.90379018825842,1.66879638490893,2.26585803876882,3.93100706136543,1.6651490225966,-0.0308642354193358,-0.0272168731070095,0.0036473623123261,1.37,0.205944644319214,43696.8842383215,0.206908097242351,18391.4015997037,1444.82335865282,530.688758941518,24.05,0,0.70827339551492,7.35400009155273,99.2238521751557,99.9999987938552,6.90149998664856,8.917695,32.8,9.12893,0.910435,1.77627,1.571172,0.7968345,1.573053,1.643594,2.5,3.7536,98.3,0.1,1,96,8.2,100,76.8685,357123.49609375,10.2884850927429,51.1337226904078
"Ghana","LM",24.359942855274,50.1098394728639,25.7498966175899,25.8013901041411,53.5882582648467,27.7868681607056,-1.44144724886718,-3.47841879198289,-2.03697154311571,3.85,0.034090776487775,2582.79505474373,0.0972527252056443,4.73013020725221,956.590951213028,37.6761124338157,31.7,3.6,14.9791412761932,5.24600005149841,13.6388842782962,73.8599658393055,5.66700005531311,3.29215,8.3,3.55183,18.31456,0.0115234,-0.0378857,0.0260932,0.1159474,-0.0350647,5.45,0.08995,51.9,1.9,374.15,94,0.9,63.9898834228516,50.372,238540,-1.2369685557064,7.92865181309965
"Greece","H",2.38156881219476,4.25411510943587,1.87254629724112,2.64292353059156,4.71440679761948,2.07148326702792,-0.261354718396805,-0.460291688183607,-0.198936969786802,1.455,0.185955137632459,27801.814937706,0.088858660180047,16895.936472694,2739.75604984986,836.640745854979,25.8,0.6,2.96152868993512,11.1645002365112,98.40502103884,99.9126944326009,14.8499999046326,5.89791,17.3,6.08454,5.36091,-0.0577769,0.5560393,-0.1272069,0.6446643,0.64165805,2.5,6.0515,99.75,0.1,0,99,4.8,100,76.112,131960,22.7198134470951,39.066715899714
"Guatemala","LM",10.5776287396882,27.6257050023884,17.0480762627002,11.0498215457168,28.9631306947645,17.9133091490478,-0.472192806028575,-1.33742569237611,-0.865232886347538,2.93,0.0469427156700937,3692.55967409597,0.170024740219529,474.718933290733,93.0106282180273,112.446864245778,25.7,5.05,2.85930582283098,3.40250003337861,64.6157110402414,90.5963687772625,3.73849999904632,2.961555,12,3.052055,22.04574,-0.5322092,-0.697995,-0.8529245,-0.152868,-0.98912485,15.75,0.9039,51.9,0.6,0.86,93,0.6,83.5905227661133,48.2535,108890,-90.3694583605315,15.6993606120269
"Honduras","LM",7.05273681644322,13.3831155402239,6.33037872378065,7.45368643895883,14.1065304253231,6.65284398636424,-0.40094962251561,-0.723414885099194,-0.322465262583584,3.015,0.0435498683683287,1840.13967499318,0.128475904064261,509.203835087742,91.5238397515518,61.6758972822131,39.3,5.05,5.09761669374217,3.70550000667572,73.5178558206524,90.6361006322283,4.86899995803833,3.7666,18,3.40992,16.33382,-0.8920198,-0.6416873,-0.4969096,-0.2230574,-0.88748115,15.2,0.63325,65.25,0.5,1.77,97,0.8,79.6271765,51.555,112490,-86.5899638380154,14.8229470816529
"Hungary","H",2.52323634419996,4.7570204897143,2.23378414551434,2.63332673121153,4.95992420632481,2.32659747511328,-0.110090387011568,-0.20290371661051,-0.0928133295989411,1.325,0.165520130846157,22582.9036865476,0.0966750690348236,10412.0210685157,3977.24864445664,361.513846618944,22.3,0,4.53363483431561,10.6009998321533,98.0102396680652,99.9687037260161,10.2005000114441,7.72206,10.1,7.756095,4.345795,0.3656501,0.6666696,0.6857837,1.016507,0.788379,2.5,3.21175,99.35,0.1,2.3,99,7.15,100,68.6855,93030,19.3576286277459,47.1999511719543
"Iceland","H",0.952299134985164,2.22546091994718,1.27316178496202,0.972206015636709,2.30570646346113,1.33350044782443,-0.0199068806515447,-0.08024554351395,-0.0603386628624052,2.105,0.119218771076972,39125.9091556508,0.153862655064069,15485.4131794796,4784.4872846768,506.289111529008,23,0,8.69993048892457,7.39199995994568,98.78516354162,100.000001214845,6.21050000190735,7.59675,42.9,7.515255,4.148685,1.942624,1.585732,1.022254,0.9226791,1.714039,2.5,3.62865,98.5,0.1,0.07,96,3.65,100,93.5425,103000,-18.7610287708318,65.074276335291
"India","LM",23.2622326193736,42.1623877268857,18.9001551075121,24.5304911908732,44.9718179365473,20.4413267456741,-1.26825857149965,-2.80943020966161,-1.54117163816194,2.7,0.0532751612645528,4934.59367924516,0.0312932910920854,1173.10697981062,488.144182460744,75.6487808219912,30,7,11.4358714308005,2.45949995517731,40.1917083262987,86.5330754244374,3.2719999551773,4.110465,10.8,4.28241,16.20396,-0.4681174,0.0259907,-1.277984,-0.3786293,-0.0117854,17.6,0.64355,83.15,0.1,17.81,76.5,3.6,75.65,30.7585,3287260,79.5937037632538,22.9250064074085
"Indonesia","LM",14.1217669425042,27.1381467672428,13.0163798247387,14.6846752711808,28.4444499580531,13.7597746868722,-0.562908328676661,-1.30630319081024,-0.743394862133581,2.31,0.0497779039320179,8394.90529513981,0.055680015453709,1448.62751852809,654.984868613663,91.5506178474108,28.85,3.2,4.7603097789133,5.85999989509583,59.050321127329,83.9343485252614,6.54850006103516,4.43791,17.95,4.42197,18.955785,-0.7513602,-0.2143052,-0.8539162,-0.415857,-0.62130835,14.55,0.1417,82.2,0.4,11.26,79.5,0.6,93.85,49.524,1910930,117.423407562274,-2.22173793652054
"Ireland","H",2.12696832718779,3.47163901389802,1.34467068671023,2.1592284990235,3.52088123750421,1.36165273848071,-0.0322601718357078,-0.0492422236061909,-0.0169820517704826,2.015,0.112106359585522,63678.0118607081,0.181068865481661,17917.3759413678,4954.52150817655,547.500158436548,25.2,0.3,-2.70009961026462,13.5710000991822,90.4954882646546,97.3067406902849,10.4514999389649,5.898295,13.9,5.74202,0.91098,1.688269,1.349588,1.020165,1.620827,1.759283,2.5,4.08635,99.8,0.15,0.37,94,3.1,100,61.442,70280,-8.01023654487701,53.1805912099501
"Israel","H",1.90722398136984,3.57178059218749,1.66455661081765,2.02304008862616,3.7685261304239,1.74548604179774,-0.115816107256325,-0.196745538236407,-0.0809294309800825,2.9,0.0965720211146625,32875.513978202,0.112820252855286,12805.3988764435,697.716644711902,442.097278410339,31.2,0.1,3.01828575079685,9.00699996948243,100.000002501499,100.000002501499,8.56549978256226,6.203595,18.75,6.13224,0.19717,0.7551451,1.391521,-1.341152,1.216991,0.8786862,2.5,3.4114,95,0.1,0.24,95.5,3.2,100,91.7945,22070,35.003851206429,31.4849193900197
"Italy","H",1.88497825199563,3.2109150457967,1.32593679380106,1.95192102656536,3.34166906429417,1.38974803772881,-0.0669427745697229,-0.130754018497473,-0.0638112439277507,1.405,0.201746988791355,34115.8098502759,0.133626230550662,17355.5811866577,4443.88608619642,599.708890597981,25.75,0.75,1.15014207628493,8.05599999427795,98.7689128125471,99.6478698011336,9.41849994659424,8.048855,21.3,8.09789,0.53251,0.1269229,0.4419097,0.4739237,0.8963356,0.41753415,2.5,3.802,99.85,0.3,0.15,96,3.6,100,68.268,301340,12.1407883722359,42.7511830529643
"Jamaica","UM",13.2485888896561,18.4637909764087,5.2152020867526,13.5959663062538,18.9262238854903,5.3302575792365,-0.347377416597691,-0.462432909081592,-0.115055492483898,1.91,0.0791184372256394,4242.58481556082,0.118724226659369,1129.02180635064,463.351711559244,50.0720250779818,31.2,0.1,11.0916477563168,11.8640003204346,84.8451317702969,91.4452306363056,15.5720000267029,4.780075,13.3,4.653345,0.763185,-0.231325,0.2153889,-0.4295415,0.2788525,-0.4394446,8.7,1.2704,98.3,2.1,1,92,1.75,92.2746353149414,53.65,10990,-77.3242548016489,18.1376361278684
"Japan","H",1.04738707826903,2.61202221359039,1.56463513532136,1.08185281701958,2.68248082206278,1.6006280050432,-0.0344657387505514,-0.0704586084723919,-0.035992869721841,1.32,0.225874878611629,39915.3536354079,0.224437700228103,15595.8537353799,2455.06044720717,453.483751410135,24.05,0.35,-1.03640807933818,5.09999990463257,99.9525307269192,98.7086458333333,4.71950006484986,5.628485,11.3,5.50471,2.15354,1.560462,1.527669,0.8793532,1.018737,1.310104,2.5,2.247,99.8,0.1,0.86,97,13.7,100,90.4005,377948.49609375,138.064962132708,37.6631108117046
"Jordan","LM",10.9203716613443,17.9411697242308,7.02079806288648,11.3578306805278,18.6281033961841,7.27027271565631,-0.437459019183445,-0.686933671953277,-0.249474652769829,3.68,0.0325257947235424,9041.57004383754,0.139289228859968,3202.4139711103,180.264989510175,186.912263475385,27.5,0,2.04979554527765,12.6999998092652,97.921388342384,99.1448765461803,23.1119995117188,4.94576,8.6,4.88809,11.82405,0.0411859,0.1036845,-0.3124925,0.2260692,0.22187815,8.05,2.20425,96.435,0.1,1.56,98,1.8,99.4867279052735,85.508,89320,36.7794549063252,31.2454905847484
"Kazakhstan","UM",7.08748103132253,14.8207115708689,7.73323053954635,7.28685950568467,15.2132196085561,7.9263601028714,-0.199378474362142,-0.392508037687191,-0.19312956332505,2.465,0.0695608407045296,6881.56669620773,0.0907563021839375,1295.87262030888,-2517.2807370127,41.166372606743,23.1,0,7.35827107314997,6.16000008583068,97.361473027046,90.8578357998919,7.09299993515015,6.99121,17.8,6.96137,0.605385,-0.9978565,-0.4361029,0.5229718,-0.3300233,-0.63079265,3.25,3.58685,99.7,0.1,0.07,98.5,7.45,99.8185615539551,56.791,2724901.875,67.2846109811001,48.1916607521823
"Korea, Rep.","H",1.47105779717096,3.31639219173302,1.84533439456206,1.47952167685778,3.33122375477718,1.8517020779194,-0.00846387968682083,-0.014831563044166,-0.00636768335734494,1.245,0.109046514850173,32642.2426350632,0.123709627995046,9575.01627456318,2041.60314867865,579.998828648648,24.2,0.2,2.8479339183259,3.64999997615814,100,98.9457588210446,3.1230000257492,5.76273,14.7,5.77521,0.39789,0.4694922,1.204664,0.3258958,0.934835,0.99879915,2.5,1.9885,99.9,0.5,0.37,94,10.3,100,81.8855,99965,127.821317128331,36.4275986041549
"Kuwait","H",4.50823566633735,7.38078947351149,2.87255380717414,4.84482822577317,7.98180496169915,3.13697673592597,-0.336592559435826,-0.601015488187659,-0.264422928751833,2,0.0321102906784515,89773.8785277625,0.0596913197122468,36006.1763104207,-656.111430585922,395.165883768357,20.65,0,4.55299918108786,1.73000001907349,100,100,3.00650000572205,6.91275,7.7,6.80356,2.8399,0.3022288,0.1686341,0.4519888,0.1599515,0.5890148,2.5,2.15945,98.65,0.1,0,98.5,2,100,100,17820,47.6000988876264,29.3072666340336
"Latvia","H",2.46279834180742,4.86048953044479,2.39769118863737,2.50855558484184,4.93723676028598,2.42868117544414,-0.0457572430344197,-0.0767472298411889,-0.0309899868067696,1.385,0.181522354088255,21217.7617924864,0.0857376495777396,7396.82907100311,4586.87777056369,346.095749832357,26.5,0.85,1.22473538921891,18.4984998703003,90.2424559041347,98.2396496135482,15.205500125885,5.97261,21,5.946675,0.5155,0.2283071,0.70881,0.527854,0.9836758,0.8010785,2.5,3.39405,98.85,0.3,9.63,93,6.2,100,67.8275,64535,24.8332961498034,56.8071751342792
"Lebanon","UM",3.41290123269748,6.48243706684637,3.0695358341489,3.54690462070065,6.63596171255797,3.08905709185732,-0.134003388003173,-0.153524645711599,-0.0195212577084258,2.845,0.0554189192999574,11789.3709638242,0.135588762640074,3640.06466199832,-2001.44599233055,414.228261353645,29.2,4.9,2.58928806510689,6.40849995613098,86.7712387820513,89.7414686072829,10.6240000724792,4.614345,3.1,4.581255,16.33382,-0.8750964,-0.2792296,-1.625015,0.0541962,-0.69416895,4.15,2.6707,94.7,0.1,0.01,81.5,3.5,99.9135551452636,87.2605,10450,35.8709863200164,33.9118272078199
"Lesotho","LM",22.6847671175547,54.5510803220737,31.866313204519,23.1009672155886,55.9991520506922,32.8981848351036,-0.41620009803389,-1.44807172861851,-1.03187163058461,3.15,0.0447566572127978,2094.27192179498,0.141508046143618,1096.84467285629,1798.95429263588,28.444847592018,40.9,31.8,5.48885043836985,27.4254999160766,29.0184674584291,67.9067356357015,32.5310001373291,2.91179,24.2,2.49283,18.82487,0.1685703,-0.3121285,0.4567754,-0.5963897,-0.24455505,12.6,0.0676,61.5,24,3.91,92,1.7,17.9677362442016,24.5455,30360,28.1701052951705,-29.625290493692
"Lithuania","H",2.23790836324535,4.86773856000559,2.62983019676024,2.39814548919489,5.20880463077614,2.81065914158125,-0.160237125949542,-0.341066070770556,-0.180828944821014,1.72,0.172305538586331,25440.4565882969,0.116514279642017,8370.38222841074,2679.54856494576,323.665771309078,26.2,1.1,2.88612225643307,15.7994995117188,89.295678881335,94.0231964651428,12.523000240326,8.347095,19.1,8.372695,0.680875,0.3767319,0.7432536,0.7152606,0.962145,0.7551976,2.5,3.9138,100,0.1,3.22,96.5,7,100,66.7995,65300,23.8806402758435,55.2843194847661
"Luxembourg","H",1.11802903367057,2.0871535045909,0.969124470920335,1.16912112334856,2.1945606159352,1.02543949258664,-0.0510920896779932,-0.107407111344302,-0.0563150216663096,1.6,0.140200416841405,91912.2787479918,0.1279897587726,37126.5532479094,8119.22376770264,542.829421887704,23.9,0,1.32086055705217,4.74150013923645,97.6432521774271,99.9999984714658,5.6119999885559,7.20941,20,7.11105,1.72025,2.046461,1.721774,1.461219,1.676335,1.8393145,2.5,2.7643,99.9,0.2,0,99,5.5,100,88.3625,2590,5.965223432344,49.765705074151
"Madagascar","L",26.3691275565545,73.789777293406,47.4206497368515,27.0727077364072,76.4339755491544,49.3612678127472,-0.703580179852743,-2.64419825574844,-1.94061807589569,5.235,0.0230715072623108,33.0065037655843,0.195275544901821,4.73013020725221,-0.610943471421116,0.589302822192069,34.3,38.2,9.10076988018528,3.89650011062622,7.71914824917192,45.5251494457427,4.92149996757508,2.1445,12.5,2.2333,24.33036,-0.4286864,-0.9596365,-0.9783388,-0.5662374,-0.8042369,31.85,0.1883,43.9,0.2,44.32,73.5,0.2,17.1518699645996,31.6195,587040,46.6911709147164,-19.3561140778288
"Malawi","L",24.9634040539544,62.2825097307322,37.3191056767777,26.2699780178059,66.953941639011,40.6839636212051,-1.30657396385146,-4.67143190827883,-3.36485794442736,5.27,0.0316253197096866,391.309192901729,0.32861307325318,109.438183926351,-63.4088283938182,2.85082441187403,36.9,34,7.91681760290241,6.3769998550415,23.8217267329997,61.8822143077655,7.98199987411499,1.78092,20.8,1.919995,24.58356,-0.4871768,-0.4106808,0.0438958,-0.5748214,-0.11791155,21.9,0.0185,71.4,10.7,303.42,93,0.4,8.25079236030578,15.4865,118480,34.1936053269224,-13.1728349923419
"Malaysia","UM",3.93323968418837,7.22739582220949,3.29415613802112,4.13798592141588,7.44390998536413,3.30592406394825,-0.204746237227513,-0.21651416315464,-0.0117679259271273,2.175,0.0486898381683574,23982.9917089486,0.0734585922424444,6099.95324352974,3280.25834630743,201.572100994297,29.4,3.15,1.10308038069701,3.47000002861023,98.749150074917,96.9640566388304,3.61299991607666,4.80213,9.9,4.622225,10.368175,0.0892673,1.120518,0.1433521,0.5889426,0.46706635,3.85,1.1731,98.6,0.4,4.62,96.5,1.8,99.2946151733398,70.4935,330800,109.69814844863,3.72558842577372
"Mali","L",39.4807846021534,118.621202471034,79.140417868881,40.5246142247386,122.45158581736,81.926971592621,-1.04382962258524,-3.83038334632522,-2.78655372373996,6.4,0.0293695241862618,1150.84515393273,0.129682990486651,206.420485819937,20.3838120707076,31.9751943777994,25.7,15.4,1.78633939621243,8.73299980163575,28.0519690543392,65.4379129242988,11.3984999656677,1.808425,10.2,2.26143,52.438845,-0.6779031,-0.8643363,-0.1828992,-0.4931963,-0.4075701,7.05,0.09705,28.1,1.4,382.95,73,0.1,24.7145913271476,35.5995,1240190,-3.54329433945334,17.2677720617007
"Mauritius","UM",8.99552586757803,13.8804084501311,4.88488258255308,9.09240373455349,14.0659628187252,4.97355908417174,-0.0968778669754542,-0.185554368594115,-0.0886765016186608,1.535,0.0756346014125038,15166.5298287397,0.0945216300427984,3421.32442840454,2044.03214061421,283.593495731847,24.05,3.35,2.72422714757489,7.45549988746643,94.0226332742553,99.7066114164,12.6199998855591,6.37172,17.95,6.234275,0.326375,0.5595223,0.8658755,0.6402588,0.8890533,0.9005559,4.75,1.1938,99.45,1.3,16.12,99,0.6,98.603744506836,41.6105,2040,-10.326396925235,20.2092672063538
"Mexico","UM",5.6833733452738,13.0200894042307,7.33671605895686,5.65741652992852,12.9566188264811,7.29920229655255,0.0259568153452818,0.0634705777495999,0.0375137624043154,2.52,0.0599202401373221,15244.4187520095,0.107963975064855,4138.39510714268,186.320046949149,324.062259613354,37.1,1.6,4.72704153454517,5.32949995994568,84.4168275603211,95.4910067806489,5.26700019836425,5.35291,26.9,5.117395,10.141955,-0.3615492,0.1624299,-0.7264634,0.2527093,-0.55534595,4.65,2.06685,94.69,0.2,0.49,95,1.65,98.9766548847657,77.6675,1964380,-102.576349523987,23.9353719022448
"Moldova","LM",11.7976828623031,16.3311269081425,4.53344404583937,12.6995264772093,17.4755663614504,4.77603988424112,-0.901843614906106,-1.14443945330786,-0.242595838401753,1.41,0.117221865690873,3397.61065806024,0.154303073830254,1218.99239309229,150.320678962123,137.258477569985,25.2,0.1,3.71056613339878,6.92300009727478,75.1954188023151,86.3180554605713,5.30700016021729,6.20876,21.3,6.14242,12.066515,-0.6731094,-0.6626101,-0.3813407,-0.103798,-0.40269125,5.65,2.439,99.45,0.5,0.98,87.5,6.2,99.961181640625,42.6355,33850,28.4104827908033,47.2036764260675
"Mongolia","LM",14.7579241900148,26.9756323134202,12.2177081234054,15.2851999707249,27.9613184219265,12.6761184512016,-0.527275780710069,-0.985686108506346,-0.458410327796278,2.57,0.0364813655187947,8139.0123720034,0.0550056192643335,2979.39811296961,-761.201528074756,50.7755551596009,25.7,0.1,8.83331798771148,6.20449995994568,55.1455573831281,75.9864834386598,6.03150010108947,5.70277,3.9,5.50471,10.368175,-0.7351942,-0.5719746,0.5970423,-0.2405613,-0.3104959,21.5,2.7198,98.4,0.1,6.96,95.5,5.85,78.1507251279199,67.0735,1564120,102.946406208466,46.8236811262636
"Morocco","LM",13.4708705876431,22.6199967217234,9.14912613408027,14.3297803432803,24.1149912103463,9.78521086706602,-0.858909755637169,-1.49499448862292,-0.636084732985751,2.52,0.0570268020602063,7105.36083045786,0.076929488383239,2179.85663383615,869.856653295206,180.620887727429,30,7,0.982710199947019,9.02500009536743,80.3189900016077,76.6051638999336,9.38600015640259,3.44394,10.5,3.72061,23.36461,-0.2049095,-0.1041628,-0.3830133,-0.0808093,-0.19093465,5.3,0.63325,74.1,0.1,16.12,99,1.1,89.7310180664062,57.735,446550,-8.42047954454969,29.8853946983021
"Mozambique","L",25.3632377284806,74.2189309836139,48.8556932551332,26.4613947249027,78.9561544788137,52.494759753911,-1.09815699642205,-4.73722349519976,-3.63906649877771,5.13,0.0251103821801889,811.674669455366,0.123343288820022,249.197108954209,188.168116264088,2.59292821762861,34.7,38.2,7.48808680926344,3.77300000190735,20.275200403103,38.9565041181619,3.36450004577637,1.11031,39.2,1.25945,36.9759,-0.4467431,-0.5825811,0.3944219,-0.3978509,-0.53124755,29.6,0.0458,25.45,11.9,349.09,74,0.9,16.1289615631104,31.579,799380,35.4726159786443,-17.2304489756597
"Namibia","UM",16.2018877095475,38.0697178445688,21.8678301350213,15.5586436583471,35.9463359528136,20.3876922944665,0.64324405120043,2.12338189175523,1.4801378405548,3.485,0.0419907579221806,7023.93512357267,0.148838923837193,2322.81827262848,2600.16018211927,44.7340332805489,51.8,6.6,7.16332319588296,21.8185005187988,31.9481037353482,79.967254404952,23.7230005264283,5.38962,25.65,5.6854,23.36461,0.3374954,0.0661187,0.84694,0.085406,0.17114985,36.9,0.374,99.3,13.4,1.51,83,2.7,44.8543186187744,41.1085,824290,17.1561681261941,-22.0997769317311
"Nepal","L",18.2848702209412,29.5547789607553,11.2699087398142,19.3052673291587,31.4930700489196,12.1878027197609,-1.02039710821751,-1.93829108816429,-0.917893979946784,2.635,0.0474580858446813,840.911036378208,0.0895464150317891,136.171122009907,94.2605642021636,17.3913931204712,26.4,3.1,10.2106639230763,1.54499995708465,39.4567957488636,85.1509577964969,1.29799997806549,3.730745,33.2,3.923165,10.141955,-0.6924811,-0.8735455,-1.583971,-0.7441027,-0.9059426,10.65,2.7198,71.4,0.2,3.91,85.5,0.4,64.9882755279541,16.601,147180,84.0131736769253,28.2394400190494
"Netherlands","H",2.47667306499284,3.87435220303173,1.39767913803889,2.5566831983923,4.00715517659697,1.45047197820467,-0.0800101333994623,-0.132802973565243,-0.0527928401657802,1.775,0.151513323620082,47516.3898127634,0.190298609580395,21586.0872059678,-2505.07361625947,428.115890275,22.4,0,1.23254128289118,3.93149995803833,97.8184034198768,100,3.98750007152557,7.20168,41.35,7.26978,2.41405,2.143759,1.729366,0.9407501,1.731538,1.816929,2.5,2.9516,99.8,0.2,0.98,97,4.7,100,86.711,41540,5.5122171009654,52.2987003744418
"New Zealand","H",2.46907274713866,4.53065602290864,2.06158327576998,2.36755478183884,4.31453269145621,1.94697790961738,0.101517965299823,0.216123331452426,0.114605366152603,2.17,0.128542694657241,33899.8386838007,0.221141319376228,10900.6624653944,3855.18772146558,323.716366416389,34.3,0,2.20883748256568,6.33899998664856,99.999998588287,99.999998588287,6.53750014305115,8.743475,33.6,8.62144,0.19717,2.337902,1.816698,1.236489,1.814871,1.899781,2.5,2.6452,96.45,0.1,0.01,92.5,3.2,100,86.19,267710,172.701925944056,-41.6625787571587
"Nicaragua","LM",8.51274820974836,14.8345710172283,6.32182280747991,9.14223911072745,15.8843106520924,6.74207154136496,-0.629490900979086,-1.04973963486413,-0.420248733885048,2.71,0.0454400253909871,2471.37114396186,0.186305385272568,540.018009521279,310.205763903045,52.7400576118242,34.2,1.9,4.57106793193108,7.99499988555908,67.8923628461351,81.3113899869894,8.53800010681153,3.97848,20.7,3.76009,11.82405,-0.7528315,-0.9621997,-0.4997092,-0.282892,-0.80813955,21.25,0.72585,74,0.2,0.35,98,0.8,77.9868849851074,56.819,130370,-85.0203185008025,12.848190428037
"North Macedonia","UM",5.93414193380759,9.08108173140197,3.14693979759438,7.29888389369546,11.2820668100488,3.98318291635333,-1.36474195988787,-2.20098507864681,-0.836243118758945,1.505,0.117225087029817,10087.8683389235,0.134076639682908,2933.25436125051,-220.118911584092,195.458308498306,28.9,5.05,0.385170628607506,32.099500656128,92.4558767541466,95.8717743324729,32.5280017852783,6.41063,32.5,6.52825,24.58356,-0.0809108,-0.0899654,-0.5185171,0.3209654,-0.2606788,4.25,2.63415,99.85,0.1,0.07,95.5,4.55,98.9766548847657,57.103,25710,21.6979033752808,41.6059296471401
"Norway","H",1.46267014885671,2.55310983286408,1.09043968400737,1.47766879840744,2.58780515089059,1.11013635248314,-0.0149986495507353,-0.0346953180265084,-0.0196966684757733,1.93,0.147932724697929,56855.2679803822,0.173089454644729,27184.9606788297,4104.0356609782,711.936273864836,21.15,0,2.30814613167286,3.31199991703034,98.0631263441701,100.000001881418,2.77400004863739,6.68894,39.6,6.76824,1.20601,2.085211,1.878928,1.332312,1.514319,1.8891705,2.5,4.08635,99.15,0.1,1,93.5,3.8,100,78.9585,385178.0078125,15.4681199552068,69.1568563097536
"Paraguay","UM",4.5562738393792,12.0593739694536,7.50310013007437,4.57275586741482,12.1821307607663,7.60937489335143,-0.0164820280356253,-0.122756791312691,-0.106274763277067,2.81,0.0536401120749326,8695.71385135498,0.105716645299627,2855.92609941857,2.78661838482003,180.447119128821,39.3,1.7,3.62155476250166,5.01449990272522,81.6509804281178,89.7780236260614,6.3659999370575,4.1971,12.5,4.093345,12.449135,-0.7290341,-0.9323817,-0.8348622,-0.3556239,-0.8735869,12.45,0.72585,94.7,0.5,0.08,88.5,1.3,97.1610975,59.099,406750.99609375,-58.3873878335057,-23.2480419462921
"Peru","UM",6.64983900800291,14.9518475086113,8.30200850060842,7.05250183122059,15.6857557011127,8.63325386989209,-0.402662823217677,-0.733908192501346,-0.331245369283669,3.04,0.0675322425948002,9867.67803497569,0.134855493043003,1983.67302236968,1314.11536400521,141.342714431834,34.7,1.8,2.23227606664802,3.68900001049041,70.4455689319228,86.9466285504587,3.87750005722046,4.698875,27.5,4.70285,0.774845,-0.2288108,-0.1911707,-0.9999154,0.4503337,-0.5883533,11.9,0.9302,83.15,0.3,3.22,93,1.55,87.2736905,76.3355,1285220,-74.3918058168472,-9.19156290513455
"Philippines","LM",11.7520929077813,26.1595061329022,14.4074132251209,12.2573251615975,27.4109328893261,15.1536077277285,-0.505232253816173,-1.25142675642382,-0.746194502607645,3.515,0.0411664364638012,4106.74975598674,0.0665404811455296,682.913691749926,445.49085127581,71.0997004745581,36.3,2.4,4.00443343431109,3.7315000295639,68.1732375745791,89.8679610446192,3.96099996566773,3.54925,21.55,3.42746,6.15531,-0.7604865,0.001555,-1.65076,-0.2335325,-0.56154225,13.15,1.2704,65.25,0.1,1,83,0.5,83.4736251831055,45.3515,300000,122.902672369887,11.7637993622977
"Poland","H",2.66286899169193,4.3781800644583,1.71531107276637,2.85493915961473,4.6819852801986,1.82704612058387,-0.192070167922801,-0.303805215740297,-0.111735047817496,1.37,0.134378375669254,24694.0455944404,0.105292914744353,9775.79240860306,-86.5913783841315,292.528992978769,25.8,0.1,3.18804306366976,8.90199995040894,93.9382739917126,97.2032056151842,9.34299993515016,5.732525,20,5.7366,7.89906,0.4970796,0.640949,1.01733,0.9808911,0.6559902,2.5,2.171,99.75,0.4,0.24,99,6.6,100,60.948,312680,19.3110143084487,52.1482602193319
"Portugal","H",1.7830104909772,3.3784271614457,1.5954166704685,2.02486677200248,3.73186153770864,1.70699476570616,-0.241856281025275,-0.353434376262932,-0.111578095237658,1.33,0.182652037981936,27749.4403830191,0.11848927673414,13075.4748026531,-1587.38842627213,613.056153327738,27.8,0.05,0.28352143872477,10.1010003089905,98.7192705876105,99.5264664569577,10.9770002365113,6.46059,27.4,6.34677,0.91098,1.090371,1.010235,0.717687,0.7198218,1.0607595,2.5,3.78955,99.75,0.6,0,97,3.35,100,60.2655,92210,-8.05576558829569,39.6340497749782
"Romania","UM",4.17658984914422,8.80093359178086,4.62434374263664,4.23342679583213,8.82872136153934,4.59529456570721,-0.0568369466879091,-0.0277877697584721,0.0290491769294352,1.485,0.156180049106233,11246.923312581,0.114766644343878,3668.5227261214,795.511550979794,97.7267581794604,25.35,1.3,5.83941836433142,6.90900015830993,78.6746404858795,100,6.00800013542175,7.930545,11.4,7.95028,6.783225,-0.2265265,-0.2655292,0.2736004,0.6428855,0.04681065,2.5,2.4842,98.5,0.1,3.22,94.5,6.45,100,53.7635,238390,24.9432524946354,45.857101035738
"Russian Federation","UM",3.98100391057832,7.49300373012646,3.51199981954814,4.07376593498695,7.6038661777661,3.53010024277916,-0.0927620244086276,-0.110862447639647,-0.0181004232310191,1.545,0.126742785042014,25170.59,0.09155621280523,9068.61,1623.99815937914,394.7075,30.85,0,9.24836093948105,7.8349997997284,87.3436665870363,96.1243680526709,7.25250005722046,5.89766,14,5.94786,7.89906,-1.090531,-0.4688114,-0.9294587,-0.3532888,-0.77063055,2.5,2.3984,99.7,0.2,9.63,97.5,8.9,100,73.6645,17098245,96.803318182901,61.9616634949229
"Saudi Arabia","H",4.81542438529282,8.9309281129997,4.11550372770688,5.21422956571362,9.73035965411168,4.51613008839806,-0.398805180420799,-0.79943154111198,-0.400626360691182,2.305,0.0240342768997491,58016.6188343971,0.0901296470114596,19487.5004441684,1628.37066855764,329.075771147068,25.95,0.35,5.19832004584619,5.46500015258789,99.2124221660253,98.7149896607065,16.8499994277954,5.38962,0,5.76606,8.55042,0.0405474,-0.0069224,-0.226727,0.1612306,0.1026482,7.3,2.2403,97,0.1,0.01,98,2.2,100,81.9755,2149690,44.5163637682648,24.1232898391053
"Slovenia","H",1.37225090683285,2.20854070440742,0.836289797574575,1.51802293135225,2.41008724259353,0.892064311241275,-0.145772024519409,-0.201546538186109,-0.0557745136667003,1.56,0.164842941381322,29703.0433502218,0.112091903788676,16743.1322899234,241.322235231179,284.700622111265,20.65,0,1.3202162340826,6.54649996757508,99.1087098812824,99.5604589557682,6.41149997711181,6.85559,14.4,6.868825,0.910435,0.9228679,1.026441,0.8665088,0.7612643,1.04191,2.5,2.4345,99.9,0.1,1,96,4.6,100,52.5455,20270,14.9381523207957,46.1254220590104
"South Africa","UM",11.5990539609894,30.0968542231944,18.4978002622049,12.5520365248622,33.5732677120419,21.0212311871797,-0.952982563872807,-3.47641348884758,-2.52343092497479,2.47,0.0520749849592397,9336.84261273211,0.139083777037606,2860.58792728691,934.067672485322,52.4171717381404,51.3,4.9,5.66405055902999,24.1155004501342,68.5790290201065,89.3915293772481,26.3020000457763,4.725885,44.5,4.5968,16.20396,0.1314679,0.3921409,-0.029427,0.3634101,0.13258115,4.45,0.7289,83.15,18.7,1.56,79,4.5,82.8,61.9525,1219090,25.0480138798617,-28.9470332599791
"Spain","H",1.76323268632265,3.23268308506191,1.46945039873926,1.77322816797186,3.23277397033142,1.45954580235956,-0.00999548164921382,-0.0000908852695133966,0.0099045963797002,1.35,0.167746350448818,34447.517108362,0.141176581687119,14664.4441338181,-862.72386299249,577.781641776711,25.95,0.55,0.75594224773371,18.8585004806518,99.9037057680621,99.9999999929817,19.1774997711181,7.082425,36.6,6.98719,0.326375,1.084354,0.9947988,-0.3180437,1.160325,1.1757665,2.5,4.22685,98.3,0.4,9.63,96.5,3.2,100,78.326,505485,-3.61702060238737,40.3486561062267
"Sri Lanka","LM",5.23369949061529,8.37653405547201,3.14283456485672,5.49321947395446,8.86919423601489,3.37597476206043,-0.259519983339175,-0.492660180542883,-0.233140197203708,2.215,0.0706861058255234,8979.63636844244,0.0975968338719567,1377.30671768841,173.837139677984,138.943224121898,29.9,0.4,4.84130605705346,5.39499998092652,90.6815386437815,85.0794767587696,8.26750016212464,7.80432,5.55,7.76203,6.67924,-0.4213479,-0.1950061,-0.9429469,-0.2178601,-0.11429495,14.15,0.70525,95,0.1,0.15,98,3.5,84.5539993286133,18.234,65610,80.6672357493165,7.7005344172481
"Sudan","LM",23.8161497347911,50.9609743943808,27.1448246595898,24.8846193725355,53.7831830707737,28.8985636982382,-1.06846963774438,-2.82220867639285,-1.75373903864847,5.235,0.0317880069202602,227.758634787936,0.120629008177221,29.3155457908084,29.750143481791,8.12921436560478,26.7,4,12.2469702532673,13.1760001182556,27.5791183595816,51.1670963133859,24.3629999160766,1.974285,22.25,2.12668,16.33382,-1.187256,-1.343785,-2.665278,-1.348169,-1.27793,22.5,0.28,72.4,0.2,27.98,85.5,0.7,32.2376499176026,33.041,587040,29.8626040122579,15.9905850031167
"Sweden","H",1.49395749196648,2.74089127711939,1.24693378515291,1.61802570085204,2.95425587056111,1.33623016970906,-0.124068208885569,-0.213364593441723,-0.0892963845561543,1.935,0.182889716249037,44124.3334463538,0.179825574651991,21870.0653427969,728.715131714722,551.315564986144,21.6,0.35,0.331763741389122,8.48049974441528,99.3100839944101,99.9999999946477,8.26599979400635,5.898205,45.7,5.92642,8.548635,2.274587,2.004213,1.09417,1.658656,1.960531,2.5,3.87755,98.5,0.1,0.07,98,2.75,100,84.979,450300,16.596265846848,62.8114849680803
"Switzerland","H",2.54506336165384,3.75230758753087,1.20724422587702,2.67639361304942,3.93728893268737,1.26089531963795,-0.131330251395571,-0.184981345156496,-0.0536510937609265,1.475,0.166327942868486,65102.8547332106,0.213557886894462,21061.2685233362,863.450093294872,1670.05274791565,25.5,0,0.103882757372769,4.46150016784668,99.8943673552627,100.000000769758,4.85400009155274,6.56834,29,6.689575,1.03026,2.072074,1.876344,1.258594,1.623263,1.753789,2.5,3.8053,98.55,0.2,2.3,95,5.05,100,73.594,41290,8.11830061338549,46.7917376836676
"Tanzania","L",23.4712781449478,59.1246508579334,35.6533727129855,24.1795628806881,61.6186885418374,37.4391256611492,-0.708284735740289,-2.494037683904,-1.78575294816371,5.375,0.0321008682375955,2396.12102637958,0.176512629377601,419.710862387923,204.096286168782,31.427524721878,36.9,38.2,9.17119191538641,2.76750004291535,18.5444008934874,42.9143864410922,3.14950001239777,1.62589,30.7,1.83813,32.391925,-0.5352294,-0.5974768,0.0144716,-0.4232683,-0.4829742,34.55,0.008,48.9,5.05,142,88,0.7,13,27.7765,947300,34.752989854756,-6.25773242850609
"Thailand","UM",4.57855752267892,9.46866582209545,4.89010829941653,4.76245531615935,9.97835946111987,5.21590414496051,-0.183897793480437,-0.50969363902442,-0.325795845543984,1.49,0.0846798756575835,11029.9533582156,0.145302184489949,1973.17921623375,388.403238503808,45.6973331229492,30.65,0,1.20093616606027,0.830500006675723,95.625587024373,97.5734191210008,0.776999980211258,5.087565,13.3,4.90912,3.57865,-0.3338629,0.1877606,-1.442788,0.1737148,-0.21744485,9.5,0.3646,99.4,1.5,2.55,99,2.1,99.33,43.1995,513120,101.006133546261,15.0169749914165
"Timor-Leste","LM",14.1889233134201,31.275303311112,17.0863799976918,14.7001281200937,32.7519601356938,18.0518320156001,-0.511204806673605,-1.47665682458184,-0.965452017908234,4.895,0.0448687022966185,4914.77068630929,0.0584388815891323,2273.38638643121,3739.62467596754,15.3104598241506,34.3,9,3.71782899416514,3.24050009250641,45.2919046777219,62.816828712836,4.21150016784668,4.040835,29.2,4.132055,32.391925,-0.7594984,-1.224438,-0.4675145,-1.105252,-1.1766015,29.85,0.0615,29.3,1.9,550.12,72,5.9,40.9223690032959,27.5605,14870,125.966300273684,-8.767760362467
"Togo","L",23.4893842248499,62.8505292597763,39.3611450349264,24.5163011359661,67.3631745314113,42.8468733954452,-1.02691691111622,-4.51264527163497,-3.48572836051876,4.72,0.026061354171731,1177.87291507468,0.0896361928452152,298.649890889571,9.10502135572642,33.9886828134732,39.3,7,2.57977554733335,1.91150003671646,13.0979131501214,56.7376547681484,1.57699996232986,1.78092,11.1,1.83813,36.9759,-0.9596605,-1.389187,-0.1793484,-0.8803849,-0.9023064,21.5,0.2022,43.9,2.9,363.98,80.5,0.9,32.264733994367,37.2955,56790,0.996403943670358,8.43954195466962
"Trinidad and Tobago","H",11.3883697120231,18.3828744130976,6.99450470107441,11.3950429778323,18.3724642912899,6.97742131345763,-0.00667326580912331,0.0104101218076593,0.01708338761678,1.685,0.0846741846450507,37891.2656747725,0.0769598574299143,12284.703701085,4569.93879052887,833.205510528487,34.2,0.05,8.76364378525708,3.71150004863739,92.4828902610332,96.0923901085887,4.24699997901917,5.193425,27.7,5.539895,3.57865,-0.1738511,0.266488,-0.0508232,0.519767,-0.17387535,9.85,1.65795,98.9,0.7,0.49,90,2.35,99.1491813659668,54.119,5130,-61.3303669144497,10.4282370892019
"Turkey","UM",8.09113906148936,15.2468325709744,7.15569350948503,9.12459561018573,17.0906165793101,7.96602096912438,-1.03345654869637,-1.84378400833572,-0.810327459639355,2.195,0.0739661954284222,15014.0901618468,0.101076580933125,4615.6562788968,670.699209480295,82.4988747997099,29.25,0.1,7.40871041821801,11.6059999465942,91.7217466217639,97.8032685287905,11.996000289917,5.47781,9.1,5.742485,2.453385,0.0292634,0.2949708,-0.9152855,0.2986633,0.1077717,2.5,1.68495,95,0.1,0,96.5,2.5,99.6553726196289,70.533,785350,35.1169001509384,39.0683719406147
"Ukraine","LM",4.52992275887123,9.46988606087393,4.93996330200269,4.75541295747361,9.98386931467233,5.22845635719872,-0.225490198602373,-0.513983253798404,-0.288493055196031,1.425,0.152462403584162,3150.18748248383,0.0725859102415882,1729.10924981355,95.0376161473541,82.1771345908828,21.1,0,12.6270617551187,8.47000026702881,95.601660308849,95.3005038181234,7.0569999217987,6.512295,8,6.57697,5.08666,-1.027054,-0.784709,0.0131317,-0.5159054,-0.78321015,2.5,3.483,99.9,0.9,0.78,61.5,9.4,99.9087791442871,68.549,603550,31.2291220702665,49.1488226084035
"United Kingdom","H",2.68965457999429,4.49426119478852,1.80460661479423,2.67899418345816,4.48274588024086,1.80375169678269,0.0106603965361201,0.0115153145476574,0.000854918011537587,1.895,0.16067743745053,37970.4051445545,0.179244149646593,15845.7154121108,-6.03862958496029,263.02320646748,26.6,0.1,2.22719323013586,7.66200017929077,99.1189585493076,100.000000007184,6.64450001716614,7.12981,20.75,7.10347,0.052185,1.604827,1.568379,0.4118182,1.732978,1.751544,2.5,2.6724,99.8,0.1,1,93.5,3.15,100,81.1665,243610,-2.85313539518056,53.9147734805371
"United States","H",3.78216947300657,6.63017888298571,2.84800940997914,3.91637366222513,6.88430380673458,2.96793014450945,-0.134204189218563,-0.254124923748869,-0.119920734530305,1.935,0.12807872594111,51387.1878039841,0.279441002104846,18591.5227435568,2494.78857385998,875.87549132491,29.4,0.9,0.64224858804507,9.44350004196167,99.9685618062252,99.2308832674447,8.33500003814698,5.727775,16.8,5.6854,0.39789,1.271479,1.557596,0.4384039,1.446141,1.6182965,2.5,2.43015,99.25,0.4,0.08,95,3.05,100,80.689,9831510,-112.599435911504,45.7056280021519
"Uruguay","H",4.94142327156865,8.96306366255824,4.02164039098959,5.06034922807275,9.14420128283665,4.0838520547639,-0.118925956504093,-0.181137620278408,-0.0622116637743142,1.96,0.137516353276072,9057.2685709658,0.184674571462788,2721.89410118371,522.057317779119,122.300489057195,34.2,0.05,6.88046380683353,7.44899988174438,95.089302250814,98.2946893814625,9.96549987792969,6.189685,14.65,5.7813,7.94578,1.279333,0.6269566,0.824986,0.394081,0.72833485,2.6,3.736,99.75,0.45,3.22,95,1.2,98.9100914001465,94.3115,176220,-56.0032786665485,-32.7809043652308
"Vanuatu","LM",13.8244388068959,28.3781491282282,14.5537103213323,14.0212743675175,28.9332648244257,14.9119904569083,-0.196835560621517,-0.5551156961975,-0.358280135575985,4.08,0.0358293507951407,2281.040874784,0.139724964255332,480.371622925663,184.93904794644,6.21347605238178,29.4,3.2,3.52988021216354,5.54800009727478,49.731397878749,86.1286846792483,6.28849983215332,4.20267,3.8,4.26771,11.322835,0.2922294,-0.2723125,1.27523,-0.7501566,0.3307392,5.85,0.116,83.15,1.35,66.42,76,2.2,35.0947401064751,24.374,12190,167.073751268227,-15.5426770575549
"Zambia","LM",21.2985809251289,58.3078618529465,37.0092809278175,21.6482905272464,59.3804836685125,37.7321931412661,-0.349709602117453,-1.072621815566,-0.722912213448552,5.37,0.0240171111004194,2318.22439818971,0.14536255222232,528.291415006154,225.99071341872,18.9824999074494,45.2,31.6,10.9485079831211,11.9064998626709,25.2606090924119,55.5108644187139,11.5590000152588,0.70069,14,2.49283,61.75434,-0.5060785,-0.8508871,0.5153514,-0.4962905,-0.48289125,50.75,0.05995,28.1,13.05,156.63,88.5,2,22.6178245544434,39.108,752610,27.7275919187606,-13.3950675535242
