"LOCATION","INCOME_CLASS","MEAN_RATE_NEO","MEAN_RATE_NEO_U5","FERTILITY_RATE_LAGGED","PLUS_65_YEARS_LAGGED","GDP_PPP_LAGGED1","TAX_PPP_LAGGED2","PUBLIC_EXP_LAGGED2","PROP_PUBLIC_HEALTH_EXP_LAGGED2","OOP_PPP_LAGGED3","GINI_LAGGED","POVERTY_GAP_LAGGED","INFLATION_LAGGED","UNEMPLOYMENT_LAGGED","BASIC_SANITATION_LAGGED","BASIC_WATER_LAGGED","UNEMPLOYMENT_FEM_LAGGED","SCHOOL_FEM_LAGGED","WOMEN_PARLIAMENT_LAGGED","SCHOOL_LIFE_EXP_LAGGED","OUT_OF_SCHOOL_LAGGED","CONTROL_CORRUPTION_LAGGED","GOV_EFFECTIVENESS_LAGGED","POLITICAL_STABILITY_LAGGED","REGULATORY_QUALITY_LAGGED","RULE_OF_LAW_LAGGED","UNDERNOURISHMENT_LAGGED","DOCTORS_LAGGED","DELIVERY_ASSISTANCE_LAGGED","AIDS_PREVALENCE_LAGGED","MALARIA_INCIDENCE_LAGGED","DPT_LAGGED","HOSPITAL_BEDS_LAGGED","ELECTRICITY_LAGGED","URBAN_RATE_LAGGED","SURFACE","pop","POP_DENS","LONG","LAT","PRED_NEO","IC_05_NEO","IC_95_NEO","PRED_NEO_U5","IC_05_NEO_U5","IC_95_NEO_U5","pol_ic05neo","pol_ic95neo","sig_neo","pol_ic05neo_u5","pol_ic95neo_u5","sig_neo_u5","IMPACT_NEO","IMPACT_NEO_U5"
"Afghanistan","L",27.4060612595671,38.7396870576497,6.37333333333333,0.0255675410935915,683.65492383321,488.812044853338,175.83036154172,0.0998102921592319,39.1971385987671,25.1,8.1,6.80797871404943,1.98366669813792,35.4613633715713,50.9384571830417,2.87366668383281,2.23041333333333,27.7,3.20813,53.524585,-1.54493,-1.42110366666667,-2.49992433333333,-1.42218833333333,-1.79507766666667,22.5,0.246633333333333,37.6,0.1,15.8466666666667,67,0.433333333333333,51.6740063027346,23.9483333333333,652860,27340917.8613108,41.8786843447459,66.0866902219283,33.8563992816908,-0.0038628142675855,-0.00618228735005022,-0.00154334118512078,-0.00405511924226803,-0.0114281115815894,0.0033178730970533,"neg","neg","yes","neg","pos","no",0.679200029238073,NA
"Angola","LM",23.4983405354073,43.1737495946939,5.92333333333333,0.0212722938651287,637.028603501591,864.440351425999,257.250343833713,0.0429600630543881,2.86245074396851,39.8,14.9,12.7433431123308,7.93666664759318,42.3263103732106,51.1734063175955,8.33533318837484,1.326685,36.9666666666667,1.68986,23.1829,-1.312868,-1.0870279,-0.328247533333333,-1.03449436666667,-1.26673866666667,37.9,0.1,28.1,1.76666666666667,127.763333333333,50,0.1,34.6456380208333,60.5263333333333,1246700,22672729.3086013,18.1861950016855,17.4705725523135,-12.2458690361332,-0.00605543830954476,-0.00833737169506376,-0.00377350492402575,-0.00877138363071274,-0.0218078473268848,0.00426508006545935,"neg","neg","yes","neg","pos","no",1.55776358719423,NA
"Armenia","LM",5.51921102836794,4.25789202965918,1.59,0.104136256548388,8131.89960993717,16492.143050514,1825.12488421037,0.0698544702149189,218.518798441612,24.5,0.3,6.12812984697051,18.2536665598551,91.3758108629079,98.5961286966847,19.7139994303385,6.955265,9.43333333333333,6.96817,3.87029,-0.6469922,-0.1183579,0.0542604333333333,0.310675333333333,-0.449173233333333,5.36666666666667,2.86986666666667,99.8333333333333,0.2,2.77,94.6666666666667,3.8,99.815342203776,63.34,29740,3091215.93191987,103.941356150635,45.0002900110148,40.2166076123014,-0.00141198568181269,-0.00253926123581789,-0.000284710127807495,-0.000570115499811228,-0.00231478194734321,0.00117455094772075,"neg","neg","yes","neg","pos","no",2.57705020402509,NA
"Bangladesh","LM",24.6244879379595,14.5625321735761,2.30333333333333,0.0487308040428215,1822.58869374565,1444.64329886316,221.06191829038,0.0526001075049314,24.1442439607904,26.9,3.6,8.57978192254397,3.71499991416931,40.5341512266042,96.5384331431709,5.44333330790202,3.81218,19.3333333333333,3.57927,28.06268,-0.998092766666667,-0.7650043,-1.403205,-0.870004866666667,-0.821556366666667,16.9,0.370966666666667,29.1,0.1,5.08333333333333,94.6666666666667,0.6,58.579405263265,31.2266666666667,148460,147299409.014093,992.182466752616,90.267928277196,23.8394617953441,-0.00237534763918067,-0.00405175553451834,-0.000698939743843005,-0.000993976080245292,-0.00296082214807179,0.000972869987581209,"neg","neg","yes","neg","pos","no",0.525098905723805,NA
"Benin","L",29.4030876374117,52.9512483609764,5.26666666666667,0.0278099614930105,1704.35305368989,0,329.149282250491,0.0971089078732767,26.6889478608119,34.5,19,3.92422740569713,2.14033325513204,13.9450030093128,64.9787903179167,2.3260000149409,2.63453,9.2,3.43893,19.0661166666667,-0.703626166666667,-0.5519575,0.314661366666667,-0.352807266666667,-0.6407144,11.3,0.1118,80.9,1.1,371.756666666667,77,0.5,36.5,43.6086666666667,114760,9641991.28884,84.0187459815267,2.33737755349616,9.6474307806637,-0.00389404682349752,-0.00608978454585655,-0.00169830910113848,-0.00850762077628641,-0.0139967785077496,-0.00301846304482322,"neg","neg","yes","neg","neg","yes",1.28172271700401,2.80027727217404
"Bhutan","LM",15.4506906658756,9.45433444804092,2.35666666666667,0.0452650403395882,3373.89494714712,4247.65408587147,988.120486666668,0.0865302809552081,16.5413587079774,30.7,0.4,8.93500860162706,2.86666663487752,63.0186841218235,93.5390863938951,3.73399988810221,4.09112333333333,8.5,3.99626333333333,19.9572333333333,0.8969911,0.5766304,0.7816755,-1.13689333333333,0.197925766666667,19.5666666666667,0.1403,69.7,0.3,0.7,94.3333333333333,1.75,82.7306358189764,35.583,38393.9990234375,821999.278428753,21.4095769999621,90.4724248062037,27.427968649102,-0.00203959281939938,-0.00333854958178119,-0.000740636057017556,-0.00154090660123389,-0.00356169846804492,0.000479885265577135,"neg","neg","yes","neg","pos","no",2.01536344930675,NA
"Bolivia","LM",12.6860007825684,14.0130496691516,3.46,0.0539893683908361,1315.93675690142,0,501.807114044528,0.0908239878398951,17.2223562284099,33.7,3.55,5.63444772355832,2.28133336702983,49.591557672778,88.6583772183039,2.83800005912781,4.95638,25.4,4.98204,5.017735,-0.588126966666667,-0.447826433333333,-0.4302006,-0.794018566666667,-1.00629093333333,24.5666666666667,0.4588,84.42,0.366666666666667,3.02333333333333,93,1.1,87.6727110211589,66.873,1098580,10313350.7432999,9.38789231853839,-64.6414056060311,-16.7289870153058,-0.0024841121974402,-0.00430461170519095,-0.000663612689689452,-0.00159969538091343,-0.00440170951791253,0.00120231875608567,"neg","neg","yes","neg","pos","no",1.24654517276028,NA
"Burkina Faso","L",26.7761702602711,77.2185521538239,5.69666666666667,0.029637923174686,1220.95368096765,1896.9888528789,305.933746083885,0.13708851196447,18.2193661714977,33.9,34,1.93789630546415,5.3370000521342,17.3863069841712,50.3708093085526,7.14966678619385,1.53942333333333,15.4333333333333,1.75946333333333,52.15047,-0.399119233333333,-0.583960466666667,-0.4153826,-0.151598766666667,-0.330078933333333,20.7333333333333,0.0439333333333333,65.9,1.13333333333333,575.8,90.6666666666667,0.4,15.0744366963705,25.1986666666667,274220,17428055.5465874,63.5550125686945,-1.77653745205594,12.3116504941367,-0.00318990153301662,-0.00512055717859547,-0.00125924588743776,-0.00676901585838284,-0.0123127479633827,-0.001225283753383,"neg","neg","yes","neg","neg","yes",0.975898525634502,2.07087037885629
"Burundi","L",25.6935139429662,50.9546299311345,5.49333333333333,0.0211212391903062,273.007327134944,0,89.492424275491,0.13553860087212,6.6574135211917,26.4,38.6,11.4154924270273,1.75933333237966,45.9263714775178,57.1287383963021,1.30666665236155,1.61068333333333,31.0333333333333,1.97775,29.41977,-1.26851033333333,-1.16142566666667,-1.71263233333333,-1.02429856666667,-1.13920866666667,37.9,0.0477,69.35,1.5,171.886666666667,96,1.9,5.91286001205444,10.917,27830,9231973.06241195,331.727382767228,29.9138922954257,-3.37739107535547,-0.00403623315881958,-0.00547904722839978,-0.00259341908923939,-0.00634063631679883,-0.0142290327736419,0.00154776014004428,"neg","neg","yes","neg","pos","no",0.361212290323887,NA
"Cambodia","LM",16.4769643412761,15.55965828226,3.02,0.0423298990506985,1993.01676934948,2395.54601254603,372.225252407708,0.132225474132971,62.9961917579601,29.8,4.3,4.13584733395406,1.32466665903727,40.8770325059258,69.1180588962602,1.18566672007243,4.09112333333333,20.5666666666667,3.57927,23.8841533333333,-1.183958,-0.8738566,-0.302993766666667,-0.466790666666667,-1.04774076666667,18.7,0.207233333333333,72.2333333333333,0.766666666666667,32.6266666666667,90.3333333333333,0.77,36.9475382486979,20.6646666666667,181040,14777988.7391699,81.6283072203375,104.876085325252,12.6847286293935,-0.00380925318330552,-0.00581483419917147,-0.00180367216743958,-0.00506725574720975,-0.00853794470359729,-0.00159656679082221,"neg","neg","yes","neg","neg","yes",1.41790022764076,1.88616054951956
"Cameroon","LM",21.1056572335672,45.251793677206,4.73666666666667,0.0273209628117313,2732.66533098562,3181.43051068007,523.596188770652,0.0458083827826094,63.1628487696146,31.0333333333333,8.1,2.31679223358991,3.98266673088074,38.9809934583637,60.2657992641592,4.70433330535889,3.372065,13.9,3.67854,36.35953,-1.15594033333333,-0.8927124,-0.662392266666667,-0.826607066666667,-1.062413,10.1666666666667,0.08775,56.1,4.4,275.736666666667,83.6666666666667,1.3,53.9429954528809,52.164,475440,22996807.2909981,48.3695256835733,12.6115515465018,5.6630952879927,-0.00576733246285057,-0.00817735200577985,-0.00335731291992129,-0.00865625193505112,-0.0166633964457248,-0.000649107424377435,"neg","neg","yes","neg","neg","yes",3.01975329692182,4.53238052223135
"Central African Republic","L",54.3028028904724,117.233271729261,4.34333333333333,0.0227277478226942,420.694512618163,35.5573979019109,54.5696988406489,0.191083217774853,9.81086779854792,32,10.8,2.85535144899526,6.94866673151652,23.9447708165852,46.9826032176212,7.69333330790202,0.883905,11.5333333333333,1.276435,55.252365,-0.956380733333333,-1.37287933333333,-1.88764566666667,-1.14280733333333,-1.342777,34.3,0.019,40,4.8,468.43,46.3333333333333,1,10.8031955718994,39.1423333333333,622980,4490117.56515673,7.20748268829936,20.3743472912439,6.54277870592131,-0.00642214311573492,-0.00876141954679248,-0.00408286668467736,-0.0140219124091709,-0.0203070935590807,-0.00773673125926119,"neg","neg","yes","neg","neg","yes",0.350454415737201,0.765171537338416
"Chad","L",31.4938241931957,82.0441238574992,7.12666666666667,0.0266399475843264,1931.00351726437,0,421.972496699055,0.092860172722846,41.7461876701091,32.4,15.3,2.74534799079316,1.7199999888738,10.0371738769333,39.6528063738287,1.75566665331523,0.96812,10.9666666666667,1.58982,49.80835,-1.341197,-1.44186833333333,-1.29567666666667,-1.055336,-1.48120666666667,38.8333333333333,0.0416,16.6,1.46666666666667,287.14,37.3333333333333,0.3,6.70455468495687,22.0603333333333,1284000,12249269.6052408,9.5399295990972,18.5813295253329,15.3288673998397,-0.00787029201059856,-0.0112478620416868,-0.00449272197951031,-0.0165518883952958,-0.0244995259417966,-0.00860425084879494,"neg","neg","yes","neg","neg","yes",3.3210467694629,6.98444167124707
"Congo, Dem. Rep.","L",27.9643984567718,60.9414940046177,5.70333333333333,0.0256556119123107,238.468155806958,0,34.0220506566727,0.134283629051744,2.65284176729011,32,38.6,10.712781325561,4.24300003051758,20.4905512356994,40.0780604816403,3.39633337656657,1.93119,8.65,2.62433,15.5621333333333,-1.39256766666667,-1.68995866666667,-2.165208,-1.532432,-1.631962,15.4,0.0228,74.2,1.06666666666667,342.666666666667,69.6666666666667,0.7,13.9263386408488,40.5463333333333,2344860,68556993.3216794,29.237137109115,23.5829558314791,-2.85027571109567,-0.00595211222435708,-0.00884519191186522,-0.00305903253684893,-0.00826685143370228,-0.019284154161491,0.00275045129408648,"neg","neg","yes","neg","pos","no",0.202503063611277,NA
"Congo, Rep.","LM",18.5179214988286,33.5537462362475,4.01666666666667,0.0297768886790606,1800.05385680842,1987.26757024089,916.412633674061,0.0316277988524069,12.562201146949,37.9,14.9,2.38709992843677,12.0363334019979,16.6311320698641,66.9512183907692,13.2153333028158,3.38544,7.33333333333333,3.64832,12.36,-1.159026,-1.198988,-0.386802033333333,-1.29931266666667,-1.188576,39.7333333333333,0.10545,92.5,3.06666666666667,193.056666666667,80.3333333333333,1.75,42.984475962321,63.7123333333333,342000,4294825.6888404,12.5579698504105,15.1344617674135,-0.837801087225289,-0.00568791921912473,-0.0087458190991662,-0.00263001933908326,-0.0114569555710372,-0.022857294668012,-0.0000566164740623942,"neg","neg","yes","neg","neg","yes",5.2124810317234,10.4992988287409
"Cote d'Ivoire","LM",30.3382749330152,47.7473295233701,4.86,0.0236372247478558,2842.10379504436,3635.29918437935,547.498088781825,0.0783858987842691,75.1914906567586,32.2,6.76666666666667,2.48113375701179,7.08833328882853,27.5740209077241,72.2097126529079,7.11633332570394,3.372065,10.1,3.85497,52.15047,-1.00039336666667,-1.179696,-1.417721,-0.853481733333333,-1.18856033333333,21.6666666666667,0.14905,59.4,3.46666666666667,341.733333333333,76.3333333333333,1.7,58.0042256673177,47.751,322460,22077869.0232352,68.4670006302648,-5.61204364522522,7.55375500701049,-0.0055037713037052,-0.00807242359227166,-0.00293511901513874,-0.0126692726693457,-0.0186076447248707,-0.00673090061382059,"neg","neg","yes","neg","neg","yes",3.01330426987085,6.93640257272256
"Djibouti","LM",13.5189286516989,19.5885757129845,4.33,0.0260130813568195,3259.63078837349,0,1170.84509302056,0.0796270962477998,30.1025362498207,34.4,7.9,4.25000073819586,12.3946666717529,56.0860492581875,75.5205136981776,13.2396669387817,2.42273,13.8,2.75718,19.83698,-0.425620366666667,-0.994368533333333,0.1972679,-0.531019533333333,-0.775886533333333,21.2666666666667,0.229,87.4,1.5,1.47666666666667,85.3333333333333,1.4,53.6446398417155,77.067,23200,933312.396428908,40.2289826046943,42.4980197360445,11.7730443955339,-0.00300187852023543,-0.00488920618446645,-0.00111455085600442,-0.00490358861767929,-0.00904939474557784,-0.000757782489780751,"neg","neg","yes","neg","neg","yes",3.51473473526148,5.74134267120127
"Egypt, Arab Rep.","LM",7.93184776027268,13.3783606520527,2.98333333333333,0.0348597129556151,13215.815069963,16244.0876146219,4443.42175931847,0.0426695581381484,337.362538282801,25.4,0.2,9.47908692981685,11.0676666895548,93.512270850691,98.6718077908573,22.8596668243408,4.53668333333333,5.56666666666667,4.57764333333333,28.06268,-0.641652666666667,-0.582485933333333,-1.25726843333333,-0.3312291,-0.367950133333333,4.46666666666667,2.83,72.4,0.1,1.50333333333333,95.3333333333333,0.9,99.7342895507813,42.9883333333333,1001450,84950122.222404,84.8271228942074,29.8444615131244,26.5066199997496,-0.00167887722146194,-0.00385743761764114,0.000499683174717265,-0.0026764667473344,-0.00477514707961039,-0.000577786415058422,"neg","pos","no","neg","neg","yes",NA,11.892670583198
"El Salvador","LM",5.82042215574551,7.1803645144553,2.05,0.0719912400830309,8201.93225861265,13275.143088296,1709.06479236048,0.213243710726717,161.986113404877,32.8666666666667,1.16666666666667,2.67933145045558,4.34700004259745,86.0265565164688,91.1108281480402,3.62733332316081,4.30577333333333,21.4,4.35423,12.1116433333333,-0.317188566666667,-0.0742190333333333,0.134809133333333,0.386631633333333,-0.7445122,12.3666666666667,1.596,98.8333333333333,0.7,0.0133333333333333,90,1.03333333333333,92.6118316666667,66.3213333333333,21040,5972923.43403515,283.884193632849,-88.8729031703238,13.7260916257942,-0.00151537202907719,-0.0030883121322895,0.0000575680741351193,-0.00301393426255653,-0.00581173892382134,-0.000216129601291714,"neg","pos","no","neg","neg","yes",NA,5.15100893462431
"Ethiopia","L",24.8917976457494,30.4955514052163,5.25,0.0256443405010139,1632.55046953731,1262.44361422066,252.990072762393,0.10514596209693,24.1664402838354,27.4,9,21.8411926209802,2.29200005531311,5.94081213217516,34.3087955379468,3.00933329264323,2.02619666666667,27.8,2.18338666666667,41.0545366666667,-0.650385266666667,-0.447220433333333,-1.56877866666667,-0.972681266666667,-0.739564333333333,30.5666666666667,0.022,10,1.3,98.55,62.6666666666667,6.3,25.4656174977621,17.738,1104300,88463390.7133349,80.1081143831703,39.5512557929377,8.65399918813258,-0.00455040623940533,-0.00690614923797557,-0.00219466324083509,-0.00511445853774721,-0.0140674847726215,0.00383856769712703,"neg","neg","yes","neg","pos","no",1.1512076056056,NA
"Gambia, The","L",22.3046486921144,26.1219934385223,4.66333333333333,0.0339226893596802,1365.44716920331,0,368.37797747908,0.151598687451161,16.3585325874413,34.9,7.4,4.69998544322863,9.57500012715658,43.0136256074691,76.7951468540364,12.852666536967,3.34048,7.5,3.42573,22.81445,-0.582736,-0.599689533333333,0.0214558666666667,-0.303817233333333,-0.5583592,9.26666666666667,0.038,56.1,1.9,282.41,97,1.1,41.4410235087077,56.3836666666667,11300,1816509.59170952,160.753061213232,-15.4318728077308,13.4753343587017,-0.00237596297829898,-0.00387842357502154,-0.000873502381576425,-0.00496859750344957,-0.0103691655440854,0.000431970537186278,"neg","neg","yes","neg","pos","no",0.875252436510951,NA
"Georgia","LM",6.45991671873534,4.7103603229966,2.09,0.138284875061547,7192.32565020499,15465.6995709172,1940.16145195939,0.081890681769626,348.854296973028,29.5333333333333,3.23333333333333,5.55245212607614,17.3233331044515,91.5001675389812,96.0079807667576,15.6193335851033,6.689385,8.36666666666667,7.08549,2.78733,0.175863066666667,0.489587233333333,-0.6852423,0.6505901,-0.116151966666667,7.96666666666667,4.38313333333333,99.7333333333333,0.233333333333333,0,92.6666666666667,2.76666666666667,99.7119903564453,55.919,69700,3925584.77027172,56.3211588274278,43.4815426540903,42.162015014153,-0.00136388940475158,-0.00251467237784144,-0.000213106431661723,-0.000915579547119313,-0.00328949195729938,0.00145833286306076,"neg","neg","yes","neg","pos","no",2.64616564783486,NA
"Ghana","LM",25.0806664797076,26.7683823891477,3.75333333333333,0.0340425235047233,2582.79505474373,1393.93252342105,727.973366779372,0.109343739698337,45.7184023875689,31.7,3.5,8.85358500435182,5.74466673533122,14.5759695647606,75.3723248356505,6.22033325831095,3.78957,8.3,4.02827,50.40315,-0.0469185333333333,-0.0456240666666667,0.107966766666667,0.1229831,-0.0074845,5.56666666666667,0.0949,67.2,1.86666666666667,364.106666666667,92.3333333333333,0.9,66.1299765633138,51.3933333333333,238540,25891791.8681621,108.542767955739,-1.2369685557064,7.92865181309965,-0.00291321864275128,-0.00444637085291357,-0.00138006643258898,-0.00484950383239981,-0.0112149055331344,0.00151589786833479,"neg","neg","yes","neg","pos","no",2.12074558352808,NA
"Guatemala","LM",10.8137251427025,17.480692705874,2.81,0.0479993043946136,3692.55967409597,3819.63929480582,477.136315868735,0.170024740219529,114.778016170347,33.7,2.06666666666667,4.61848019193316,3.46266667048136,64.7342534646182,91.3277970690097,4.62833333015442,3.12438666666667,12.8666666666667,3.23826666666667,22.96472,-0.572982833333333,-0.717102766666667,-0.7436287,-0.1528551,-1.02427223333333,15.9666666666667,0.7262,52.3,0.533333333333333,0.74,92.6666666666667,0.6,84.9772113439128,48.7013333333333,108890,14769749.2547632,135.639170307312,-90.3694583605315,15.6993606120269,-0.00214022941642554,-0.00359576803720122,-0.000684690795649853,-0.00214142128234958,-0.00529495476724672,0.00101211220254756,"neg","neg","yes","neg","pos","no",1.02118117886717,NA
"Guinea","L",31.462160332813,64.2334823792632,5.05666666666667,0.0380409514523848,1318.36036243908,0,246.790813991289,0.0711188063481294,24.7757048022554,26.4,10.3,17.3458496302102,4.2039999961853,18.0150647038817,62.8939729445343,3.14066664377848,2.12064,2.9,2.735875,51.35491,-1.11446566666667,-1.16697466666667,-1.45404833333333,-1.040136,-1.443962,17.1,0.1,45.3,1.6,400.433333333333,61.3333333333333,0.3,26.2821379343669,33.9663333333333,245860,10230380.8060241,41.6105946718626,-11.0608537411855,10.4482728772713,-0.00629142512210495,-0.00976422025268715,-0.00281862999152276,-0.00951831675593472,-0.0216286878168694,0.00259205430499994,"neg","neg","yes","neg","pos","no",1.55266592704953,NA
"Guinea-Bissau","L",32.3419528346478,43.1493907650116,5.11666666666667,0.0239153328915524,1004.8663703635,0,181.905088385008,0.180010378315728,23.507597531008,42,30.5,3.23149982255467,4.42300017674764,17.4935580941888,62.5160620688073,4.63733323415121,2.74291,11.3333333333333,2.490925,41.0545366666667,-1.196865,-1.096204,-0.803292066666667,-1.16268433333333,-1.38686633333333,22.3333333333333,0.0538,43,3.8,70.83,85.3333333333333,0.4,9.83235200246173,40.509,36130,1610268.77557328,44.5687455182197,-15.1106237516679,12.0227043823257,-0.00607073619275979,-0.00912993361244957,-0.00301153877307002,-0.0109842245997449,-0.0190833006477893,-0.00288514855170056,"neg","neg","yes","neg","neg","yes",1.10429780370604,1.99808634665738
"Haiti","L",25.179224963859,36.3302553254365,3.41333333333333,0.0372860451989305,56.5059205511039,0,14.699067231618,0.177006757115121,1.34978920890974,31.2,8.1,5.3927260978432,14.8906666437785,28.2089494824474,62.6807504568917,17.8139998118083,2.12064,6.5,3.14998,52.15047,-1.21537533333333,-1.64917433333333,-0.9061919,-1.0072991,-1.368493,49.5333333333333,0.1372,37.3,2.1,8.11333333333333,67,0.766666666666667,36.7385108947754,48.4926666666667,27750,10420122.1616037,375.499897715449,-72.6580133053557,18.9007006918433,-0.00536731189571438,-0.00862699571447618,-0.00210762807695257,-0.00652231187934663,-0.0145582457092924,0.00151362195059918,"neg","neg","yes","neg","pos","no",0.0788944784081687,NA
"Honduras","LM",7.25321162770102,6.49161135507244,2.98333333333333,0.044687952213258,1840.13967499318,2764.99554615948,499.90887289309,0.128475904064261,66.613245266832,42.8666666666667,6.76666666666667,5.55245212607614,4.1159999370575,75.1125940679893,91.4984894746127,5.66599988937378,3.73836666666667,19,3.39462,11.82405,-0.890424833333333,-0.625110466666667,-0.412486866666667,-0.183242833333333,-0.974031433333333,15.1666666666667,0.8139,82.8,0.466666666666667,1.4,97.3333333333333,0.733333333333333,82.2625643333333,52.5433333333333,112490,8203007.93135895,72.9221080216815,-86.5899638380154,14.8229470816529,-0.00159881778055985,-0.00300158437749067,-0.000196051183629029,-0.00176686581352977,-0.00422955155071568,0.00069581992365613,"neg","neg","yes","neg","pos","no",0.799263194641105,NA
"India","LM",23.8963619051234,19.6707409265931,2.70666666666667,0.0546498230258424,4934.59367924516,4585.55689656994,1230.7824580896,0.0312932910920854,77.8395203609509,30.1,4.3,10.053398830555,2.55100003878276,44.0295967334088,87.7641469717373,3.50299994150798,4.46975,10.9333333333333,4.61478,36.35953,-0.505879033333333,-0.0463327333333333,-1.29802966666667,-0.398649633333333,-0.0666834666666667,17.4333333333333,0.700833333333333,43.9,0.8,14.9633333333333,81,0.7,74.6,31.28,3287260,1269621791.05153,386.224938414221,79.5937037632538,22.9250064074085,-0.00266426874301131,-0.00462809198529729,-0.000700445500725331,-0.00194590737579301,-0.00540262421165226,0.00151080946006623,"neg","neg","yes","neg","pos","no",3.27913523253475,NA
"Indonesia","LM",14.4032211068425,13.3880772558055,2.24666666666667,0.0507945685433392,8394.90529513981,8627.01604970973,1470.09968373594,0.055680015453709,109.929295123917,31.0333333333333,2.36666666666667,4.92325059797352,5.07833321889242,61.872220660366,85.0656935454096,5.58266655604045,4.68749333333333,18.2666666666667,4.64081,15.5621333333333,-0.697674066666667,-0.248880066666667,-0.739097733333333,-0.348844533333333,-0.602903366666667,11.2666666666667,0.2233,82.65,0.4,10.4433333333333,81.6666666666667,0.75,94.9933333333333,50.595,1910930,244176949.440169,127.779117728106,117.423407562274,-2.22173793652054,-0.00242688005985532,-0.00411748016328094,-0.000736279956429711,-0.00241650345913588,-0.00585326569828313,0.00102025878001138,"neg","neg","yes","neg","pos","no",3.56775560845837,NA
"Jordan","LM",11.139101170936,7.1455353892714,3.48333333333333,0.0337827629008095,9041.57004383754,14093.7572524949,3325.4972020122,0.139289228859968,162.776393718049,27.5,0,4.50793353630021,12.5333331425985,97.8217531145988,99.1112558573537,21.0539995829264,4.75650333333333,10.8,4.68622333333333,18.53579,0.0714528666666667,0.0602097,-0.4500108,0.2383922,0.2666635,8.76666666666667,2.2572,99.6,0.1,2.34,98,1.8,99.5978749593099,87.1483333333333,89320,7888822.29169034,88.3208944434656,36.7794549063252,31.2454905847484,-0.00161536034242397,-0.00284392393755586,-0.000386796747292083,-0.000220000720785948,-0.00250284989327816,0.00206284845170626,"neg","neg","yes","neg","pos","no",5.37187629897239,NA
"Kenya","LM",19.9528067968738,25.030206082312,3.74,0.0264906050901181,1849.12026441539,1498.66237070285,457.004380084611,0.116462753137452,28.1319093764537,45.2,10.8,9.12055011218422,9.69033336639404,30.5885935922318,55.0120572915528,9.65166632334391,2.20501333333333,9.8,2.17022666666667,78.747095,-0.9845827,-0.5489733,-1.24458533333333,-0.198690566666667,-0.889945266666667,22.8666666666667,0.1785,70.6,5.8,70.7733333333333,93.3333333333333,1.4,26.1558511098226,23.972,580370,41756420.5426354,71.9479307039223,37.7915552866614,0.595966252176952,-0.00285126239291062,-0.00434327076043621,-0.00135925402538502,-0.00223811474566977,-0.00594361810402432,0.00146738861268478,"neg","neg","yes","neg","pos","no",1.30303940233068,NA
"Kyrgyz Republic","LM",14.0088707345802,7.63240312742736,3.04333333333333,0.0452935564735138,308.199687820637,261.592823817372,106.588597092196,0.117070555988997,8.232246019485,23.7333333333333,0.666666666666667,9.124163631452,8.53333346048991,95.7139833734862,85.3309861315429,9.75566673278809,6.14967666666667,23.3,6.15031,6.63766333333333,-1.18055133333333,-0.646393966666667,-1.01631146666667,-0.264455233333333,-1.19556166666667,7.8,1.91156666666667,98.6666666666667,0.133333333333333,0.233333333333333,96,4.7,99.4601404825846,35.3603333333333,199949.00390625,5738923.18720958,28.7019343687273,74.6204048109256,41.5068937131826,-0.00140601063995719,-0.00280915656408698,-0.00000286471582739822,-0.00121383625562031,-0.00404897023409925,0.00162129772285863,"neg","neg","yes","neg","pos","no",0.149864701609738,NA
"Lao PDR","LM",26.6361331046862,33.1737185392606,3.25,0.0370497348775287,5163.00680618659,0,1144.47229371842,0.0453310897769699,39.8705954456825,29.8,5.3,5.93555351830718,0.700000007947286,59.0648582052152,70.0707161368294,0.657999992370605,2.88857333333333,25.0666666666667,3.14998,27.3840833333333,-1.12998566666667,-0.843862166666667,-0.1021104,-0.937792833333333,-0.943982,19.8,0.5057,38.55,0.3,17.65,77,1.1,72.2032461344207,30.6626666666667,236800,6446700.53181878,27.2242421107212,103.750259895045,18.4449780890361,-0.00335555352831997,-0.00559368562548274,-0.0011174214311572,-0.00400727450322085,-0.00826327369532003,0.000248724688878318,"neg","neg","yes","neg","pos","no",3.84033804325129,NA
"Lesotho","LM",22.8928671665716,32.3822490198113,3.09666666666667,0.0446537261126815,2094.27192179498,6949.78410643238,1064.42563613447,0.141508046143618,29.8255615521987,40.9,31.8,4.90745031403163,26.3119996388753,31.8593099251263,68.0618989523072,31.2406673431397,3.13759666666667,25.0333333333333,2.69541333333333,20.4635466666667,0.147107,-0.3322865,0.371638433333333,-0.575269,-0.2580393,13,0.0676,65.1,24.2666666666667,294.386666666667,94.6666666666667,1.4,20.7190074920654,25.2706666666667,30360,1920378.60729569,63.2535773154048,28.1701052951705,-29.625290493692,-0.00402351254009014,-0.00575884488500166,-0.00228818019517862,-0.00510431079933961,-0.0111427838993981,0.000934162300718896,"neg","neg","yes","neg","pos","no",4.28272989498046,NA
"Liberia","L",23.2511326226872,46.206533211605,4.78333333333333,0.0274556366385022,549.922296925464,0,181.903725413946,0.124458621724544,20.436729469559,27.4,4.3,7.53662750719388,2.26866666475932,16.0760768532083,69.841154609122,2.2960000038147,2.44478,11.0333333333333,2.71617,51.35491,-0.610480366666667,-1.233944,-0.460124033333333,-1.06637566666667,-0.925289066666667,36.9333333333333,0.0228,65.1,1.66666666666667,294.386666666667,75.6666666666667,0.8,5.94860493342082,48.1963333333333,111370,4177652.92862793,37.5114746217826,-9.41083615437112,6.43161986225299,-0.00668085675591207,-0.00983810874511006,-0.00352360476671409,-0.0142713045787238,-0.0236985322755315,-0.0048440768819161,"neg","neg","yes","neg","neg","yes",1.21527273285734,2.59600346938696
"Madagascar","L",26.7209176464809,48.3909587747994,5.24,0.0228512932205886,33.0065037655843,32.4669368087234,4.76094903139555,0.195275544901821,0.499517929712241,33.9,38.6,8.14790218806054,2.31400005022685,8.25913661232679,47.2535946289337,2.76266658306122,2.58162,14.1666666666667,2.65848,39.1232366666667,-0.524388466666667,-1.02705116666667,-0.740020566666667,-0.552568866666667,-0.889591033333333,32.4333333333333,0.160666666666667,10,0.2,54.8966666666667,71,0.2,16.3119922637939,32.5816666666667,587210,21923654.3724224,37.3352878398229,46.6911709147164,-19.3561140778288,-0.00413145901216025,-0.00692961115153498,-0.00133330687278551,-0.00463867652381286,-0.0120298770098627,0.00275252396223695,"neg","neg","yes","neg","pos","no",0.0196696657821947,NA
"Malawi","L",25.6166910358801,39.0015346489914,5.08333333333333,0.0320794745000972,391.309192901729,568.418020812234,104.940364366116,0.32861307325318,2.71760695706601,36.9,34,12.1018928529005,6.29133335749308,24.3001964493674,63.2783258638366,7.62366676330566,1.86973333333333,21.8,1.99667666666667,78.747095,-0.4585771,-0.4382262,-0.0105677,-0.659436866666667,-0.166447066666667,21.1333333333333,0.019,71.4,10.4666666666667,286.03,95.3333333333333,1.3,7.9,15.676,118480,14712707.3016271,124.178825975921,34.1936053269224,-13.1728349923419,-0.00330375446659418,-0.00499468305574768,-0.00161282587744068,-0.00471303483064635,-0.0113626260233455,0.0019365563620528,"neg","neg","yes","neg","pos","no",0.346697197500577,NA
"Mali","L",40.002699413446,80.533694730751,6.32,0.0294391242826751,1150.84515393273,1380.35220442101,213.625156579203,0.129682990486651,29.7835253359038,34.9,8.1,3.12923310987879,7.35233322779338,30.1945062168129,68.0428390084264,9.24466673533123,1.946805,10.2,2.39052,50.40315,-0.713959666666667,-0.894476033333333,-0.975202633333333,-0.434095833333333,-0.5407255,6.66666666666667,0.1041,28.1,1.4,407.303333333333,68,0.1,25.9961107889811,36.799,1240190,16397154.3295831,13.2214856833091,-3.54329433945334,17.2677720617007,-0.00505293399932747,-0.00782775951816584,-0.00227810848048909,-0.009426607120711,-0.0161501658236313,-0.00270304841779066,"neg","neg","yes","neg","neg","yes",1.07943381679071,2.01376042217252
"Mauritania","LM",22.2535231118343,20.2093367772199,4.70666666666667,0.0364940445598393,1991.64300370878,0,537.863702779607,0.0663284621196253,34.8230287802584,34.4,19,5.62409591407221,10.2533330917359,34.5322901168182,59.603387883485,12.9393332799276,1.47283666666667,22.1,1.60834666666667,30.5919,-0.7086847,-0.943283666666667,-1.127947,-0.748732433333333,-0.907422533333333,7.73333333333333,0.1515,65.1,0.366666666666667,36.46,73,1.03333333333333,34.1358172098796,47.4936666666667,1030700,3418096.33840925,3.31628634753978,-10.326396925235,20.2092672063538,-0.00479382787421521,-0.00720176735265948,-0.00238588839577094,-0.00618470142673381,-0.0124148592350073,0.0000454563815396941,"neg","neg","yes","neg","pos","no",2.57842601091348,NA
"Moldova","LM",12.2486046697562,4.65474196504025,1.38666666666667,0.114834385147163,3397.61065806024,5249.13219909797,1280.22508029177,0.154303073830254,131.677418792964,24.5,0.0333333333333333,6.57247872354112,6.56866677602132,75.1057151929796,86.8626495625242,5.20066658655802,6.17115,19.4666666666667,6.11459333333333,13.0841833333333,-0.635691633333333,-0.616260433333333,-0.128047966666667,-0.0969121333333333,-0.339747633333333,3.86666666666667,2.4586,99.2666666666667,0.566666666666667,0.0266666666666667,91.6666666666667,6.2,99.9948883056641,42.589,33850,3847440.83622992,113.661472266763,28.4104827908033,47.2036764260675,-0.00144190520479413,-0.00281492638274879,-0.0000688840268394627,-0.00148198135205502,-0.00461466139942356,0.00165069869531351,"neg","neg","yes","neg","pos","no",1.84596320658068,NA
"Mongolia","LM",15.0215620803699,12.4469132873035,2.66333333333333,0.0365131929064851,8139.0123720034,11009.4936744046,3053.53027079782,0.0550056192643335,67.5017997787143,26.1666666666667,0.1,10.9355651798691,5.07433327039083,56.0539580477875,77.7736968605109,4.60833334922791,5.50439,7.56666666666667,5.31418,19.6550266666667,-0.654122266666667,-0.5979517,0.558238666666667,-0.223119533333333,-0.3342394,19.5666666666667,2.8983,98.4,0.1,14.9633333333333,98,6.51666666666667,76.6713679266471,67.8533333333333,1564120,2883569.15381516,1.84357284211899,102.946406208466,46.8236811262636,-0.00202251150891574,-0.00326370784075839,-0.000781315177073091,-0.00144712224358354,-0.00420242686661835,0.00130818237945127,"neg","neg","yes","neg","pos","no",6.17580011551118,NA
"Morocco","LM",13.9003254654617,9.46716850057314,2.43666666666667,0.0582764648161947,7105.36083045786,14905.8925758983,2210.6734079917,0.076929488383239,191.90439718726,24.8,1.16666666666667,1.06253490390345,8.99666659037272,82.6482382369002,78.9542992426418,9.8876667022705,3.67141,14.8333333333333,3.97273333333333,19.0661166666667,-0.347495333333333,-0.10499,-0.415242966666667,-0.0936928666666667,-0.202900133333333,4.9,0.62,73.85,0.1,0.00666666666666667,99,0.966666666666667,92.9921366373698,58.5803333333333,446550,33520236.3581776,75.0649117863119,-8.42047954454969,29.8853946983021,-0.00154673089213048,-0.00306378454903061,-0.0000296772352303561,-0.00155255332103572,-0.00483012777512259,0.00172502113305116,"neg","neg","yes","neg","pos","no",3.41931685255214,NA
"Mozambique","L",25.9123162266917,50.6752265045221,4.85333333333333,0.0246401378179641,811.674669455366,1828.75189726439,289.444311850189,0.123343288820022,2.73259829091973,36.9,34,11.0733134082331,3.60999997456868,22.0387524540649,42.2780514648363,3.42900005976359,1.20726666666667,39.2,1.31937666666667,39.1232366666667,-0.502057566666667,-0.6173599,0.3723213,-0.425964333333333,-0.541607,27.4,0.0503333333333333,54.3,12.1,360.053333333333,75.3333333333333,0.7,19.0003716786702,32.3373333333333,799380,24338951.2683329,30.4472857318583,35.4726159786443,-17.2304489756597,-0.00423644027279077,-0.00624822128888637,-0.00222465925669518,-0.00719019249176562,-0.0173453891818994,0.00296500419836813,"neg","neg","yes","neg","pos","no",1.22621353945235,NA
"Myanmar","LM",21.5687352320987,23.5688456990255,2.15,0.0538080930732703,4036.42834917828,2055.15439395651,802.301403763567,0.0504102868393598,41.0779652392071,32.9,3.1,4.73580844389672,0.89166667064031,66.6259915691492,70.81640988204,0.997666637102764,3.04975,4.6,2.97656,38.23379,-1.44099266666667,-1.56537533333333,-1.113567,-2.06047233333333,-1.44696666666667,15.4,0.555866666666667,70.6,0.8,58.0466666666667,86,0.9,51.650001780192,29.0753333333333,676590,50525402.0087233,74.6765426753622,96.5058409420616,21.0169998737738,-0.00320713150670021,-0.00490748546120909,-0.00150677755219133,-0.00431328549775909,-0.0108287262110547,0.00220215521553656,"neg","neg","yes","neg","pos","no",2.57308610987994,NA
"Nepal","L",18.7950687750499,11.7288557297875,2.51666666666667,0.0493133891925637,840.911036378208,1232.06298485372,144.84326552688,0.0895464150317891,20.1009286203916,26.4,3.1,9.33779645742825,1.54233332475027,43.7518638637286,85.9110000570181,1.314333319664,4.31891333333333,33.2,4.36046666666667,53.524585,-0.761474666666667,-0.919599833333333,-1.460549,-0.75552,-0.858102733333333,9.5,0.5036,36,0.2,2.86333333333333,88,0.3,72.7838022867839,17.1113333333333,147180,27972784.0406571,190.058323417972,84.0131736769253,28.2394400190494,-0.00319296264229366,-0.0056023482675611,-0.000783577017026218,-0.00286616783078169,-0.00803924910266406,0.00230691344110067,"neg","neg","yes","neg","pos","no",0.462479135815149,NA
"Nicaragua","LM",8.8274936602379,6.53194717442244,2.63,0.0470170800121255,2471.37114396186,3485.19798708968,559.32508490154,0.186305385272568,56.3215193151568,39.7,3.6,6.91035759108492,6.47300004959106,69.3959054082455,81.3523263228979,7.07666683197022,3.97848,33.7,3.76009,11.82405,-0.751331,-0.9195188,-0.372740866666667,-0.306426833333333,-0.761879533333333,19.9666666666667,0.8139,81,0.2,0.47,98,0.933333333333333,78.6645736694336,57.113,130370,5868777.58800578,45.0163196134523,-85.0203185008025,12.848190428037,-0.00184979463939619,-0.00350051751860883,-0.000199071760183557,-0.00259435356315674,-0.00471117902240151,-0.000477528103911977,"neg","neg","yes","neg","neg","yes",1.03463654373069,1.45108702697726
"Niger","L",22.8990256807966,76.3754415113811,7.38,0.0224522637215659,709.37984571912,0,199.486199242861,0.0841330795763835,22.5864956447487,26.4,13.9,1.40051601379169,0.384333322445551,11.0204167248209,45.5243968361335,0.296999995907148,0.79444,13.3,1.00391666666667,78.747095,-0.6475147,-0.654830833333333,-1.0622935,-0.5476095,-0.506805666666667,10.9333333333333,0.019,29.3,0.4,429.273333333333,72,1.9,13.8060821533203,16.2163333333333,1267000,17041502.865671,13.4502785048706,9.32442709985792,17.3455528147455,-0.00428769849527931,-0.00664359710960991,-0.00193179988094871,-0.00738456158402228,-0.0131034301353006,-0.00166569303274391,"neg","neg","yes","neg","neg","yes",0.855336676322604,1.47311812347145
"Nigeria","LM",35.102240280343,68.5152409062731,5.44333333333333,0.0277412171480411,4041.46492993274,0,506.862759791133,0.0677293421133723,87.3364003017838,32.4,15.4,12.2593370404768,3.72000002861023,34.947820308406,63.1879687655518,3.53033328056335,2.56391333333333,6.83333333333333,2.74573,36.35953,-1.130339,-1.0859299,-2.069884,-0.707025066666667,-1.161939,6.56666666666667,0.1836,47.3,1.6,374.283333333333,48,0.9,52.7233016967773,44.364,923770,171704934.914597,185.874119006459,7.99512775408979,9.54831841820996,-0.00465829712744412,-0.00757589127082285,-0.00174070298406539,-0.00502430672752656,-0.0141006254327302,0.00405201197767712,"neg","neg","yes","neg","pos","no",2.36111733794343,NA
"Pakistan","LM",36.6617211655383,22.6994177192346,3.85333333333333,0.0333024574998275,2021.7070297565,0,399.634832298096,0.0404609737715141,28.5616435423297,26.3,1.15,11.8267535278446,1.04133331775665,50.6444245060376,89.4862435438315,0.995999991893768,2.20146333333333,22.4,2.57532666666667,53.524585,-1.07553566666667,-0.787230933333333,-2.72099066666667,-0.649336266666667,-0.841604033333333,21.0666666666667,0.8622,47,0.1,9.73333333333333,59.6666666666667,0.6,91.360187886556,35.2023333333333,796100,186276665.330158,233.986515927845,69.4139980631813,29.9734600255474,-0.00211994931959509,-0.00351434617865549,-0.000725552460534688,-0.00203618005496068,-0.00616057841249649,0.00208821830257513,"neg","neg","yes","neg","pos","no",0.847205590816845,NA
"Papua New Guinea","LM",18.4333814366989,26.2454847455431,4.42666666666667,0.0233391596355135,4261.28115857934,3238.29188340772,938.680147388173,0.105719086950436,7.92533047426453,36.9,9,4.99721600921268,2.42733335494995,16.5457298930534,37.8644316376004,1.39433328310649,2.03902,1.5,2.38679,50.40315,-1.00163766666667,-0.723442233333333,-0.717854533333333,-0.529067733333333,-0.8503508,10.9333333333333,0.0529,10,0.8,169.583333333333,71,1.3,19.5736287434896,13.0003333333333,462840,7772832.46397083,16.7937785497598,145.317574627822,-6.45164451463034,-0.00405724095452415,-0.00611792744962383,-0.00199655445942448,-0.00694287621704863,-0.0127793011747788,-0.00110645125931847,"neg","neg","yes","neg","neg","yes",3.80845153718207,6.51714007071705
"Philippines","LM",12.0047090346894,14.7805104764247,3.43,0.0420697025749975,4106.74975598674,5084.25317595263,693.52487563552,0.0665404811455296,79.7868838335771,36.3,2.3,3.84507243546935,3.56699999173482,69.8053176601404,90.599932344594,3.7843333085378,4.30577333333333,22.6333333333333,4.585815,38.678575,-0.663489166666667,0.0666838,-1.410394,-0.174089666666667,-0.5289328,13.7,1.275,72.2,0.1,0.593333333333333,84.6666666666667,0.75,85.1766255696615,45.522,300000,97117176.5245849,323.723921748616,122.902672369887,11.7637993622977,-0.00227530460267966,-0.00408569329665193,-0.000464915908707388,-0.00152077681118155,-0.00312866292454864,0.000087109302185548,"neg","neg","yes","neg","pos","no",1.57798034160634,NA
"Rwanda","L",18.4341382260597,28.3432805247444,4.68333333333333,0.0264087621338321,1730.55303584133,1071.1769291409,429.342838405182,0.198708868175226,11.6215533442448,39.8,24.9,4.36710042969435,1.08633331457774,59.4642753300911,53.4435389565793,1.07833333810171,2.20501333333333,56.3,2.17022666666667,29.41977,0.423064233333333,-0.0107137666666667,-0.226608966666667,-0.146976333333333,-0.305463166666667,33.1333333333333,0.055,69,3.26666666666667,76.87,97.3333333333333,0.3,12.1899255116781,16.9383333333333,26340,10690194.6386945,405.854010580658,29.9189639222429,-2.01351446583413,-0.00221723821967528,-0.00386076302336144,-0.000573713415989121,-0.00328500278065168,-0.00582643252388779,-0.000743573037415568,"neg","neg","yes","neg","neg","yes",0.951955350655837,1.41039241801391
"Senegal","L",20.0617294263276,26.3503704074008,4.91666666666667,0.0350794120399583,2401.94853894766,0,656.747970976786,0.0714090747975725,56.2040323968479,31,12.8,2.01671273546053,10.0716667175293,47.2234364065302,73.3345074670618,13.3739999135335,2.70054333333333,29.3666666666667,2.83090666666667,30.5919,-0.463646766666667,-0.514157333333333,-0.268949733333333,-0.191288333333333,-0.3814509,13.1666666666667,0.059,65.1,0.566666666666667,58.5466666666667,90.6666666666667,1.16666666666667,55.9377288818359,44.188,196710,12847973.2308293,65.3142861615031,-14.5098027858594,14.354139988452,-0.00244131872210891,-0.00451117066224354,-0.000371466781974287,-0.00343088633843392,-0.00728588931564664,0.000424116638778808,"neg","neg","yes","neg","pos","no",1.60333111725267,NA
"Sierra Leone","L",34.1630931967963,79.8577981493455,4.82333333333333,0.0316469087689602,545.451186252598,0,113.397289217267,0.305691203931069,40.0692860666955,26.9,16.7,6.85669673042835,3.87966656684875,13.5464322254249,53.2249688063669,3.18033337593079,2.196765,12.8333333333333,2.490925,39.1232366666667,-0.856264533333333,-1.21119933333333,-0.2283452,-0.7159128,-0.8804466,25.3,0.02305,60.8,1.5,448.396666666667,88.6666666666667,0.8,13.6122998532512,39.2486666666667,72300,6551500.18480322,90.6154935657431,-11.7952574285599,8.53035372615305,-0.00619510189731333,-0.00969675749207098,-0.00269344630255567,-0.0113024501794642,-0.0198705850372929,-0.00273431532163543,"neg","neg","yes","neg","neg","yes",0.702507761580079,1.28166721186445
"Solomon Islands","LM",12.2651267640635,12.8353317076033,4.55,0.0321892416036278,1117.39696843987,3269.40716491157,508.352981126894,0.117169257668195,2.86892468695391,27.4,0.1,4.76873157276732,1.90333334604899,27.851420408829,72.6405251579365,1.72900001207988,3.28294,0.666666666666667,3.47491,78.747095,-0.3496332,-0.875043466666667,0.2793895,-1.091751,-0.571680266666667,11.2666666666667,0.193966666666667,60.8,1.5,129.31,88.6666666666667,1.4,34.6669680277507,20.5086666666667,28900,564096.63658035,19.5189147605657,159.96661544743,-8.85249747084853,-0.00305405776041379,-0.0050543812225846,-0.00105373429824297,-0.00379558091910884,-0.00842943808726597,0.000838276249048293,"neg","neg","yes","neg","pos","no",1.55253936704007,NA
"South Sudan","L",37.2274464518388,77.561745047639,6.20666666666667,0.0206606927800143,287.352921670163,0,89.7099738484698,0.0266932974000083,3.86801833109149,51.3,10.3,31.1843900404568,12.9273331960042,6.97078267998867,41.0901157814315,14.114333152771,0.39709,26.5,0.60318,49.80835,-1.16478713333333,-1.733564,-1.2934555,-1.572156,-1.407576,25.7333333333333,0.055,19.4,2.4,182.14,62,0.5,3.44367162386576,18.0363333333333,114760,9826747.80261443,41.6105946718626,30.1986175824619,7.29289013351684,-0.00652039313353768,-0.00910368198920414,-0.00393710427787121,-0.00939974611272726,-0.0181248595970168,-0.000674632628437694,"neg","neg","yes","neg","neg","yes",0.584944297491407,0.843250977955018
"Sri Lanka","LM",5.36345948228487,3.25940466345858,2.17,0.0746408238015317,8979.63636844244,8510.66365219392,1448.60762819925,0.0975968338719567,132.306349172679,32.2,0.3,6.82577702044198,4.31000010172526,91.7094517032813,85.9442864330344,6.9723334312439,7.96504666666667,5.63333333333333,7.86444,6.63766333333333,-0.350469166666667,-0.1713234,-0.7949325,-0.1480072,-0.122054666666667,12.9666666666667,0.7262,98.4,0.1,0.06,99,3.55,87.2894651285807,18.211,65610,20697971.5464064,315.469769035306,80.6672357493165,7.7005344172481,-0.00144575245349584,-0.00254939920696614,-0.000342105700025531,-0.00060564906244028,-0.00245227717496937,0.0012409790500888,"neg","neg","yes","neg","pos","no",2.09432803262185,NA
"Sudan","LM",24.3503845536633,28.021694178914,4.99333333333333,0.0317436786672042,227.758634787936,164.114088002212,28.4359797329488,0.120629008177221,8.47887102427236,42.4333333333333,14.9,22.3009684190386,13.1906668345133,29.5767837892534,53.2791016320799,24.1203327178955,1.94442666666667,24.9333333333333,2.05795666666667,55.09504,-1.28451466666667,-1.380039,-2.48291933333333,-1.38336066666667,-1.27140133333333,23.5,0.28,72.4,0.2,27.5466666666667,91.6666666666667,0.766666666666667,35.9680519104004,33.214,1240190,35032122.518777,3.39854808352261,29.8626040122579,15.9905850031167,-0.00384297103489625,-0.00590231230518613,-0.00178362976460637,-0.00327251347133032,-0.00809743798636257,0.00155241104370193,"neg","neg","yes","neg","pos","no",0.109278646462619,NA
"Tajikistan","LM",18.2810231828026,22.2123280658981,3.56,0.0331086083476682,301.966350963984,0,78.5775908703606,0.086171637637928,9.12603354728325,25.4,0,8.22742671465463,11.6363331476847,94.3324636676203,71.9395287985932,10.4913333257039,5.57820666666667,19,5.94980333333333,6.50996,-1.26165266666667,-0.932615666666667,-1.099544,-0.998784033333333,-1.21208866666667,5.33333333333333,1.68933333333333,88.0333333333333,0.2,0.0233333333333333,94.3333333333333,4.9,99.399223836263,26.5286666666667,142550,8009916.98453813,56.1902278817126,71.0344350489611,38.5830814642108,-0.00187210169554844,-0.00318315193057681,-0.000561051460520057,-0.00134757689625825,-0.00431351332278971,0.00161835953027321,"neg","neg","yes","neg","pos","no",0.147105241100513,NA
"Tanzania","L",23.825420512818,36.5462491870674,5.30666666666667,0.0320560986605781,2396.12102637958,2459.90358494741,414.613210650139,0.176512629377601,28.4537278314676,31,15.4,11.630739759008,3.24833337465922,20.8080518425526,45.6223696621848,3.97466667493184,1.62589,36,1.83813,41.0545366666667,-0.62797,-0.6468366,0.0139308,-0.411594133333333,-0.508826566666667,33.7,0.0191,55.15,4.96666666666667,131.22,91,0.7,14.7666666666667,28.8016666666667,947300,45834812.8128094,48.3846857519364,34.752989854756,-6.25773242850609,-0.00351835244511934,-0.00548649683414077,-0.0015502080560979,-0.00364389433787523,-0.011325261865902,0.00403747319015149,"neg","neg","yes","neg","pos","no",1.4587554034697,NA
"Timor-Leste","LM",14.4445257167569,17.569106006646,4.71666666666667,0.0491337966974915,4914.77068630929,18877.6836342791,2525.72017086715,0.0584388815891323,15.2010677035695,26.9,9,10.6887089036987,3.25033338864645,46.9336925621288,65.9450936274695,4.20533339182536,4.19861666666667,33.3333333333333,4.22898666666667,29.82545,-0.7683884,-1.18627866666667,-0.404899333333333,-1.056574,-1.16250966666667,27.9333333333333,0.0785,29.3,4.96666666666667,254.033333333333,74,5.9,46.5199508666992,28.0796666666667,14870,1134310.1406776,76.2817848471822,125.966300273684,-8.767760362467,-0.00542086956421989,-0.0100616948705423,-0.000780044257897503,-0.00421991822758524,-0.010994811290854,0.00255497483568356,"neg","neg","yes","neg","pos","no",13.69159960199,NA
"Togo","L",24.002842680408,41.1040092151858,4.54333333333333,0.026834565024515,1177.87291507468,1986.02425746443,305.076365129366,0.0896361928452152,37.2569484848483,34.5,23.2,2.52888054796891,1.89833335081736,13.6818356450159,58.4269372893874,1.57500000794729,2.58162,11.1,3.85497,50.40315,-0.989949833333333,-1.35664,-0.242801566666667,-0.9074569,-0.9094674,20.1,0.2022,43.9,2.8,355.246666666667,84,0.7,36.6114421290572,38.037,56790,6541198.18964444,115.182218518127,0.996403943670358,8.43954195466962,-0.00658215240125898,-0.00944871502824101,-0.00371558977427696,-0.0154086096518547,-0.0254089466471005,-0.00540827265660894,"neg","neg","yes","neg","neg","yes",2.00805912930362,4.7008026242851
"Tunisia","LM",6.43093886744215,4.66562574366492,2.07,0.0731134247536016,8899.50419929143,0,2692.73068352728,0.129076252793988,210.135717099788,27,0.4,3.73028412605745,16.3376661936442,86.9932978051065,93.2301979245355,24.0033340454102,6.566295,27,6.38631,2.79935333333333,-0.125091033333333,0.0688727666666667,-0.379678366666667,-0.137074366666667,-0.0666053,4.63333333333333,1.2214,73.6,0.1,3.73666666666667,97.6666666666667,2.1,99.5,66.9376666666667,163610,10902403.8833128,66.6365373957142,9.53471612069584,34.1729390368824,-0.00112027962330466,-0.00246827725270233,0.000227718006093006,-0.000615729139703589,-0.00280818160573303,0.00157672332632585,"neg","pos","no","neg","pos","no",NA,NA
"Uganda","L",23.5985008566923,34.0105668739848,5.88666666666667,0.0225458112726812,1272.44742903575,0,208.068871524818,0.223713862542304,38.8011698734815,32.9,10.8,11.0733134082331,3.60866673787435,18.2626161695565,40.6647785204781,4.30800008773804,1.61068333333333,33.7666666666667,0.60318,39.1232366666667,-0.9421864,-0.536884933333333,-0.9485421,-0.1895016,-0.368934,31.6,0.1049,57.4,6.73333333333333,297.866666666667,81.6666666666667,0.5,15.1947783152262,19.9016666666667,241550,33441794.8204113,138.446676962995,32.3575503199869,1.29548550350973,-0.00351512103288387,-0.00573179406912905,-0.00129844799663869,-0.00744877063497031,-0.0159660413979739,0.00106850012803327,"neg","neg","yes","neg","pos","no",0.731387266585299,NA
"Ukraine","LM",4.64266785817242,5.08420982960071,1.45666666666667,0.149995362588375,3150.18748248383,6127.53943132576,1633.89898678065,0.0725859102415882,102.933777398489,20.8333333333333,0,5.96579456178004,7.83000024159749,95.8065641228544,94.6198724090563,6.69933334986369,6.49655333333333,8.46666666666667,6.57080333333333,5.46123,-1.05147433333333,-0.730633166666667,-0.0498582333333333,-0.5714562,-0.803110766666667,2.5,3.48986666666667,99.6,0.9,0.0266666666666667,59.3333333333333,9.1,99.9325378471887,68.689,603550,46081706.1117028,76.3510995140466,31.2291220702665,49.1488226084035,-0.00204437168708387,-0.00319261804934782,-0.000896125324819914,-0.00202843530830881,-0.00541074948546845,0.00135387886885083,"neg","neg","yes","neg","pos","no",3.34029682812938,NA
"Uzbekistan","LM",11.4287384669488,10.692978721052,2.54333333333333,0.0400171239112231,84.1419767822197,119.040342847117,24.474123980012,0.0959255228778467,1.60071264939705,25.1,0,8.93500860162706,5.06333335240682,99.0583620830221,96.4659062314596,4.91833337148031,7.24678333333333,22,7.26388333333333,6.84295,-1.323114,-0.7698157,-0.612965566666667,-1.56380766666667,-1.38400166666667,8.16666666666667,2.4895,100,0.166666666666667,0.0333333333333333,99,4.3,99.9948374430338,51.052,447400,29388714.086271,65.6877829375748,63.2036395282318,41.7486026646522,-0.00202892140735281,-0.00354134885679901,-0.000516493957906606,-0.000867361812329776,-0.00285103526261218,0.00111631163795262,"neg","neg","yes","neg","pos","no",0.0496560740692531,NA
"Vanuatu","LM",13.9228565872067,14.7328503891203,4.01666666666667,0.0374281768149476,2281.040874784,3873.98583082547,561.65064302596,0.139724964255332,6.47297165796966,29.4,3.2,1.66129714277705,5.85833342870077,46.5128120030584,87.1883149422807,6.52833334604899,4.20267,1.9,4.26771,11.4510466666667,0.309403833333333,-0.246403733333333,1.195456,-0.716152033333333,0.274314633333333,6.1,0.15095,82.65,10.4666666666667,49.52,79.3333333333333,1.75,38.4385948181152,24.5613333333333,12190,253275.235880074,20.7772958064048,167.073751268227,-15.5426770575549,-0.00340802486094273,-0.00509117005792243,-0.00172487966396303,-0.00356315527735095,-0.00998724266192552,0.00286093210722362,"neg","neg","yes","neg","pos","no",1.91411935459694,NA
"Vietnam","LM",6.68825243342049,6.01383631685678,2.08666666666667,0.0606318165273492,4012.60952179488,0,1075.02283342139,0.0969668514500818,73.2488787065545,29.3,0.7,12.2104389547422,1.04666664203008,72.850598292541,89.4574837658181,0.971333344777425,4.87513333333333,24.8666666666667,4.61478,19.6550266666667,-0.5862952,-0.2538315,0.201618333333333,-0.628028433333333,-0.5626285,12.9,0.891,91.9,0.4,0.34,95,2.25,98.8637110392253,31.083,330960.6640625,90773986.9646449,274.274247127758,106.285840797052,16.6579377532549,-0.00219917026529777,-0.00364460241312791,-0.000753738117467635,-0.00116777925996585,-0.00368443712786232,0.00134887860793062,"neg","neg","yes","neg","pos","no",2.36415824977648,NA
"Yemen, Rep.","LM",20.0495831013669,23.0905481418496,5.21333333333333,0.0278646386238826,76.0419708785904,0,34.4483865329472,0.0393251837024072,4.35283575477787,38.5,9,13.5345942394892,13.0716663996379,54.0500777703088,55.854423310892,20.855666478475,2.09956333333333,0.3,2.70991666666667,38.678575,-1.22184266666667,-1.14598766666667,-2.42705833333333,-0.715258466666667,-1.213359,25.7333333333333,0.399266666666667,34.4,0.1,49.16,70.6666666666667,0.7,64.5361874898275,32.366,527970,25922870.59953,49.0991355560543,47.5350447585435,15.913231950143,-0.00346674785413155,-0.00549030046795909,-0.001443195240304,-0.00351463116225891,-0.00851511977787961,0.00148585745336179,"neg","neg","yes","neg","pos","no",0.119423870091389,NA
"Zambia","LM",21.4734357261877,37.3707370345418,5.21666666666667,0.0240435045247911,2318.22439818971,3403.57831589157,546.634381761977,0.14536255222232,15.7683689190398,45.2,31.6,7.16901928398432,10.4133330980937,25.4739290139423,56.3997302594994,10.116666952769,2.09956333333333,12.3333333333333,1.58982,39.1232366666667,-0.395565066666667,-0.662169066666667,0.562029233333333,-0.453952,-0.437291,48.8333333333333,0.128566666666667,59.4,12.8666666666667,166.72,80.6666666666667,2,23.7411034901937,39.8533333333333,752610,14164549.846672,18.8205708755824,27.7275919187606,-13.3950675535242,-0.00426620470763756,-0.00683437171484083,-0.00169803770043429,-0.00567924057316492,-0.0130999119539661,0.00174143080763628,"neg","neg","yes","neg","pos","no",2.33205417282949,NA
"Zimbabwe","L",22.884822917615,30.5961259967649,4.08333333333333,0.0292171815349734,1790.12197820404,0,457.126963143253,0.188879002861029,47.9413190724298,33.8,5.2,3.4111211321163,5.36600001653035,40.3482801860803,67.0001189866128,5.97800000508626,2.74291,15,2.79073,13.24295,-1.37959166666667,-1.406614,-0.942668166666667,-1.96469166666667,-1.74428233333333,41.7333333333333,0.0701,66.2,15.0333333333333,71.0966666666667,92.3333333333333,1.7,36.563978322347,33.015,390760,13212969.3317287,33.8135155382555,29.7885483718925,-18.9069879478588,-0.00491986770902667,-0.00658402037038044,-0.00325571504767291,-0.00790683125504555,-0.0173561029259535,0.00154244041586242,"neg","neg","yes","neg","pos","no",2.24900418489392,NA
