"LOCATION","MEAN_RATE_NEO","MEAN_RATE_NEO_U5","FERTILITY_RATE_LAGGED","PLUS_65_YEARS_LAGGED","GDP_PPP_LAGGED1","TAX_PPP_LAGGED2","PUBLIC_EXP_LAGGED2","PROP_PUBLIC_HEALTH_EXP_LAGGED2","OOP_PPP_LAGGED3","GINI_LAGGED","POVERTY_GAP_LAGGED","INFLATION_LAGGED","UNEMPLOYMENT_LAGGED","BASIC_SANITATION_LAGGED","BASIC_WATER_LAGGED","UNEMPLOYMENT_FEM_LAGGED","SCHOOL_FEM_LAGGED","WOMEN_PARLIAMENT_LAGGED","SCHOOL_LIFE_EXP_LAGGED","OUT_OF_SCHOOL_LAGGED","CONTROL_CORRUPTION_LAGGED","GOV_EFFECTIVENESS_LAGGED","POLITICAL_STABILITY_LAGGED","REGULATORY_QUALITY_LAGGED","RULE_OF_LAW_LAGGED","UNDERNOURISHMENT_LAGGED","DOCTORS_LAGGED","DELIVERY_ASSISTANCE_LAGGED","AIDS_PREVALENCE_LAGGED","MALARIA_INCIDENCE_LAGGED","DPT_LAGGED","HOSPITAL_BEDS_LAGGED","ELECTRICITY_LAGGED","URBAN_RATE_LAGGED","SURFACE","pop","POP_DENS","INCOME_CLASS","LONG","LAT"
"Afghanistan",972.593938740433,961.26031294235,6.37333333333333,0.0255675410935915,683.65492383321,488.812044853338,175.83036154172,0.0998102921592319,39.1971385987671,NA,NA,6.80797871404943,1.98366669813792,35.4613633715713,50.9384571830417,2.87366668383281,2.23041333333333,27.7,3.20813,NA,-1.54493,-1.42110366666667,-2.49992433333333,-1.42218833333333,-1.79507766666667,22.5,0.246633333333333,37.6,0.1,15.8466666666667,67,0.433333333333333,51.6740063027346,23.9483333333333,652860,27340917.8613108,41.8786843447459,"L",66.0866902219283,33.8563992816908
"Albania",993.111774708562,994.165135145496,1.88,0.111352297047557,10571.8240071649,17917.0086804123,3135.17972211882,0.0970252480967128,285.200601760057,22.9,0.2,3.03154763429183,13.6476669311523,96.1776345240066,87.8106849481889,13.7053333918253,6.25623,15.9333333333333,6.33359333333333,NA,-0.644862333333333,-0.252920733333333,-0.2058313,0.2205274,-0.4610212,6.66666666666667,1.24206666666667,NA,NA,NA,99,2.83333333333333,100,53.2466666666667,28750,2868210.71373682,99.7638509125849,"UM",20.0324264314432,41.1413533060488
"Angola",976.501659464593,956.826250405306,5.92333333333333,0.0212722938651287,637.028603501591,864.440351425999,257.250343833713,0.0429600630543881,2.86245074396851,NA,NA,12.7433431123308,7.93666664759318,42.3263103732106,51.1734063175955,8.33533318837484,1.326685,36.9666666666667,1.68986,23.1829,-1.312868,-1.0870279,-0.328247533333333,-1.03449436666667,-1.26673866666667,37.9,NA,NA,1.76666666666667,127.763333333333,50,NA,34.6456380208333,60.5263333333333,1246700,22672729.3086013,18.1861950016855,"LM",17.4705725523135,-12.2458690361332
"Argentina",993.536843570092,995.312652621912,2.28333333333333,0.102894248528082,1776.41904227611,2149.92760042076,655.746926252653,0.165792778399878,24.0853674044612,30.9,0.5,NA,7.3700000445048,93.1820089005214,98.6651225714129,8.84966659545899,6.51753333333333,37.7666666666667,6.22988,1.55388333333333,-0.390255666666667,-0.1738071,0.0590787666666667,-0.804598566666667,-0.610361266666667,3.86666666666667,3.21,96.77,0.4,0.0233333333333333,92,4.56666666666667,99.2068584187826,90.9866666666667,2780400,41561547.1620238,14.948046022883,"UM",-65.1753607711417,-35.4468214894951
"Armenia",994.480788971632,995.742107970341,1.59,0.104136256548388,8131.89960993717,16492.143050514,1825.12488421037,0.0698544702149189,218.518798441612,24.5,0.3,6.12812984697051,18.2536665598551,91.3758108629079,98.5961286966847,19.7139994303385,6.955265,9.43333333333333,6.96817,3.87029,-0.6469922,-0.1183579,0.0542604333333333,0.310675333333333,-0.449173233333333,5.36666666666667,2.86986666666667,99.8333333333333,0.2,NA,94.6666666666667,3.8,99.815342203776,63.34,29740,3091215.93191987,103.941356150635,"LM",45.0002900110148,40.2166076123014
"Australia",997.702100665342,998.36638117535,1.98333333333333,0.139810308712799,49173.2001606532,108631.578041648,17905.1680088604,0.165758582364742,756.81461942141,26.4,0.3,2.66165677966438,5.17199993133545,99.9911523822512,99.9053403116057,5.33666674296061,NA,24.7,NA,NA,2.020622,1.695382,0.940855733333333,1.781164,1.758164,2.5,3.314,99.1,0.1,NA,92,3.85,100,85.2946666666667,7741220,21931808.8816836,2.833120474768,"H",134.502775475366,-25.7306547797261
"Austria",997.877730579774,998.636727595749,1.43666666666667,0.1781652832661,44915.918210706,114696.951253997,22575.1351957237,0.143714182681021,752.650980363778,23.5333333333333,0.366666666666667,2.5285972608642,4.74966669082642,99.984085456468,100,4.66633335749308,7.61227333333333,27.9,7.75008,2.67006333333333,1.46902966666667,1.67846566666667,1.22891233333333,1.45321266666667,1.82001133333333,2.5,4.80563333333333,98.5333333333333,NA,NA,89,7.7,100,57.2203333333333,83879.00390625,8403327.47156565,100.183920650249,"H",14.0761588843371,47.6139487927463
"Azerbaijan",980.032181411163,984.853729659248,2.08333333333333,0.0545570201989033,8476.24576690521,11444.1676844117,3072.77823574271,0.0327465381506581,274.31423119811,NA,NA,4.8842914036565,5.41333341598511,84.78859886438,87.2936077215523,6.4900000890096,NA,16,NA,12.36,-1.18318466666667,-0.784907633333333,-0.495478233333333,-0.399977733333333,-0.8737566,2.5,3.53016666666667,98.8,NA,0.09,85.6666666666667,4.76666666666667,99.9551284790039,53.642,86600,9436107.34096785,108.961978533116,"UM",47.5539095580061,40.2206905476617
"Bangladesh",975.375512062041,985.437467826424,2.30333333333333,0.0487308040428215,1822.58869374565,1444.64329886316,221.06191829038,0.0526001075049314,24.1442439607904,26.9,3.6,8.57978192254397,3.71499991416931,40.5341512266042,96.5384331431709,5.44333330790202,3.81218,19.3333333333333,3.57927,28.06268,-0.998092766666667,-0.7650043,-1.403205,-0.870004866666667,-0.821556366666667,16.9,0.370966666666667,29.1,0.1,5.08333333333333,94.6666666666667,0.6,58.579405263265,31.2266666666667,148460,147299409.014093,992.182466752616,"LM",90.267928277196,23.8394617953441
"Belarus",996.474777399672,996.879023946292,1.57666666666667,0.135918657040855,14601.8018000821,19230.2216481524,5879.20172043939,0.0876352891995354,220.434745914824,22.2,0,40.0613941260647,6.05799992879232,95.9876347114234,97.2711719401026,4.57433334986369,7.23078,30.0666666666667,7.31301,2.22218333333333,-0.6303488,-1.0312003,-0.0380479666666667,-1.12606466666667,-1.03798963333333,2.5,3.73136666666667,99.9,0.266666666666667,NA,98,11.3666666666667,100,75.1856666666667,207600,9624634.15128404,46.3614361815224,"UM",27.981352615448,53.5063447948111
"Belgium",998.029573755021,998.286078185603,1.82,0.172634991232991,41864.7124047992,106493.105693422,22559.5071434055,0.153373697695131,666.192327086017,22.3,0.1,2.85368158197033,7.65799983342489,99.4860688739872,99.9999975997977,7.70166651407878,9.62343,38.4333333333333,9.08758333333333,1.64287666666667,1.57021266666667,1.611286,0.896260433333333,1.251743,1.41289433333333,2.5,2.92346666666667,NA,NA,NA,98.3333333333333,6.4,100,97.6976666666667,30530,10942152.2086488,358.406557767729,"H",4.58083411385493,50.652440959023
"Belize",988.85914859669,991.858355989435,2.51333333333333,0.0417944272939293,6715.70337805923,15417.5635262618,1995.90685386335,0.126448454183522,80.7250489386262,NA,NA,NA,12.8956670761108,85.9425996221551,94.5878795561457,19.9819997151693,4.74603666666667,1.03333333333333,4.62374,12.00838,-0.1913455,-0.378582633333333,0.134198066666667,-0.465812066666667,-0.427445,5.93333333333333,0.9887,94.7,1.9,0.38,96.3333333333333,1.13333333333333,90.9804278878453,45.234,22970,339508.794253691,14.7805308773918,"UM",-88.7034212529932,17.1970899114515
"Bhutan",984.549309334124,990.545665551959,2.35666666666667,0.0452650403395882,3373.89494714712,4247.65408587147,988.120486666668,0.0865302809552081,16.5413587079774,30.7,0.4,8.93500860162706,2.86666663487752,63.0186841218235,93.5390863938951,3.73399988810221,4.09112333333333,8.5,3.99626333333333,19.9572333333333,0.8969911,0.5766304,0.7816755,-1.13689333333333,0.197925766666667,NA,0.1403,69.7,0.3,0.7,94.3333333333333,1.75,82.7306358189764,35.583,38393.9990234375,821999.278428753,21.4095769999621,"LM",90.4724248062037,27.427968649102
"Bosnia and Herzegovina",994.692254532601,998.420614408392,1.27,0.135376428419136,10776.2244279615,20283.0606652632,4686.39783677216,0.14793521839433,249.941342615667,25.1,0,2.61580524054721,27.634667078654,95.236135307622,96.5714640365378,30.1280002593994,NA,19.8333333333333,NA,NA,-0.320826433333333,-0.647193366666667,-0.683891266666667,-0.0576492,-0.2967594,2.5,1.86063333333333,99.9,0.1,NA,89.6666666666667,3.46666666666667,99.8493857519622,45.8783333333333,51210,3710013.7524915,72.4470562876684,"UM",17.8168832703901,44.1807677629747
"Botswana",989.384729738656,989.154179493508,2.56,0.0388327341961879,8616.65026334441,22240.9744200473,2943.51361192915,0.100268462155438,22.1952978976574,NA,NA,7.64855051081203,17.8476670583089,68.526527276982,84.2693256925763,21.761666615804,NA,7.9,NA,NA,0.985366466666667,0.463382733333333,1.0532326,0.520170033333333,0.668278633333333,26.7,0.399266666666667,99.5666666666667,22.9,1.00666666666667,95,1.8,51.0321509806315,63.6816666666667,581730,2045146.49621197,3.51562837779033,"UM",23.7730814657894,-22.0997113788264
"Brazil",991.998782138297,990.790139920084,2.00666666666667,0.0737489592860407,9959.69868485882,13397.738293307,3860.67925092665,0.0965408646319151,217.387234847843,41.7,1.7,5.69288321472425,7.27866649627685,83.0128922219786,96.564705810193,9.6410001118978,6.969275,8.6,6.68465,4.698235,0.0583016666666667,-0.0933537333333333,-0.0243793,0.137227433333333,0.0040973,2.5,1.82105,98.9666666666667,0.5,7.63,97.6666666666667,2.33333333333333,99.2437472135417,84.6296666666667,8515770,200088126.312615,23.4961872282384,"UM",-53.0543400357671,-10.8067736434989
"Bulgaria",996.079043546777,996.19127552863,1.51666666666667,0.186187162415835,16091.5131241474,29894.1519242165,6048.10333005417,0.10712928073452,457.090546631254,26.7666666666667,0.766666666666667,3.2044874564567,11.2696669896444,85.9416319525945,99.3550975952726,10.1840000152588,7.23802333333333,21.5,7.36793333333333,6.09700666666667,-0.211092466666667,0.122269633333333,0.347225133333333,0.585551166666667,-0.0887289,5.5,3.849,99.5,0.1,NA,94.6666666666667,6.5,100,72.6383333333333,111000,7366608.525388,66.3658425710631,"UM",25.1951109532771,42.7531187620217
"Burkina Faso",973.223829739729,922.781447846176,5.69666666666667,0.029637923174686,1220.95368096765,1896.9888528789,305.933746083885,0.13708851196447,18.2193661714977,NA,NA,1.93789630546415,5.3370000521342,17.3863069841712,50.3708093085526,7.14966678619385,1.53942333333333,15.4333333333333,1.75946333333333,52.15047,-0.399119233333333,-0.583960466666667,-0.4153826,-0.151598766666667,-0.330078933333333,20.7333333333333,0.0439333333333333,65.9,1.13333333333333,575.8,90.6666666666667,0.4,15.0744366963705,25.1986666666667,274220,17428055.5465874,63.5550125686945,"L",-1.77653745205594,12.3116504941367
"Cambodia",983.523035658724,984.44034171774,3.02,0.0423298990506985,1993.01676934948,2395.54601254603,372.225252407708,0.132225474132971,62.9961917579601,NA,NA,4.13584733395406,1.32466665903727,40.8770325059258,69.1180588962602,1.18566672007243,NA,20.5666666666667,NA,23.8841533333333,-1.183958,-0.8738566,-0.302993766666667,-0.466790666666667,-1.04774076666667,18.7,0.207233333333333,72.2333333333333,0.766666666666667,32.6266666666667,90.3333333333333,0.77,36.9475382486979,20.6646666666667,181040,14777988.7391699,81.6283072203375,"LM",104.876085325252,12.6847286293935
"Cameroon",978.894342766433,954.748206322794,4.73666666666667,0.0273209628117313,2732.66533098562,3181.43051068007,523.596188770652,0.0458083827826094,76.6177905222942,NA,NA,2.31679223358991,3.98266673088074,38.9809934583637,60.2657992641592,4.70433330535889,3.372065,13.9,3.67854,36.35953,-1.15594033333333,-0.8927124,-0.662392266666667,-0.826607066666667,-1.062413,10.1666666666667,0.08775,56.1,4.4,275.736666666667,83.6666666666667,1.3,53.9429954528809,52.164,475440,22996807.2909981,48.3695256835733,"LM",12.6115515465018,5.6630952879927
"Canada",996.951243589875,997.637641879161,1.66,0.146731926913498,41408.3113849491,48856.2749685876,16324.8419214833,0.188275818982382,587.290385198797,25.7,0.1,2.06822828696502,7.6196665763855,99.5173900768942,99.2939814432807,7.01999998092651,6.24162,23.8666666666667,6.29091333333333,0.30978,1.991606,1.77576166666667,1.04217006666667,1.70050566666667,1.76860933333333,2.5,2.2173,98.8333333333333,NA,NA,89,2.7,100,81.0566666666667,9984670,33933381.0931057,3.39854808352261,"H",-98.142381372097,61.4690761453489
"Central African Republic",945.697197109528,882.766728270739,4.34333333333333,0.0227277478226942,420.694512618163,71.1147958038218,50.9338254092808,0.219366414312142,9.81086779854792,NA,NA,2.85535144899526,6.94866673151652,23.9447708165852,46.9826032176212,7.69333330790202,0.883905,11.5333333333333,1.276435,55.252365,-0.956380733333333,-1.37287933333333,-1.88764566666667,-1.14280733333333,-1.342777,34.3,NA,40,4.8,468.43,46.3333333333333,1,10.8031955718994,39.1423333333333,622980,4490117.56515673,7.20748268829936,"L",20.3743472912439,6.54277870592131
"Chile",995.344757535109,997.34364890792,1.84666666666667,0.0957323254771281,19622.533059735,33694.2220419877,4590.84439088882,0.192727765010212,405.067247585148,38.5,0.7,2.58645880808889,7.47566652297974,97.8043942768919,98.6580636311992,8.97800000508627,5.58453666666667,14.2,5.48732333333333,3.17141666666667,1.53598533333333,1.26139866666667,0.487753333333333,1.478695,1.364443,4,NA,99.8366666666667,0.4,NA,92,2.1,99.6116857729492,87.1316666666667,756096.015625,16934477.1799794,22.3972575308191,"H",-71.5206439451643,-39.0470143099484
"China",996.059788114834,994.016998973922,1.25333333333333,0.0912761625388448,14237.4271051803,12337.3213388579,3618.18073854002,0.0952875234933597,175.639153268759,31.9666666666667,1.96666666666667,3.78291706822813,4.53333330154419,75.1796867797838,89.1819872561891,3.92833336194356,5.43841,21.3,5.43095666666667,NA,-0.501485733333333,0.0667587,-0.5992992,-0.232086233333333,-0.472547366666667,11.2666666666667,1.49423333333333,99.7,NA,0.00666666666666667,99,3.85333333333333,99.7883692423503,50.5006666666667,9562911.25,1372737700.84379,143.54809586294,"UM",103.883612300632,36.5550665318587
"Colombia",992.687493436462,993.345803640078,2.36333333333333,0.073693822597163,13148.9672103378,18490.349999516,3629.51541288774,0.131009711164455,135.795969516383,42.4333333333333,2.5,2.95203281966079,10.278333346049,83.3520982575898,95.3017201947682,13.3416665395101,6.36749666666667,12.3,6.09894,0.463416666666667,-0.3538787,0.000864300000000001,-1.40788366666667,0.337796433333333,-0.3060968,10.6,1.659,99,0.4,10.7833333333333,88,1.45,96.838257,78.3333333333333,1141749.32291667,47022857.2952289,41.1849224268478,"UM",-73.0777320869748,3.9272138627097
"Congo, Rep.",981.482078501171,966.446253763752,4.01666666666667,0.0297768886790606,1800.05385680842,1987.26757024089,916.412633674061,0.0316277988524069,12.562201146949,37.9,14.9,2.38709992843677,12.0363334019979,16.6311320698641,66.9512183907692,13.2153333028158,3.38544,7.33333333333333,3.64832,NA,-1.159026,-1.198988,-0.386802033333333,-1.29931266666667,-1.188576,39.7333333333333,0.10545,92.5,3.06666666666667,193.056666666667,80.3333333333333,NA,42.984475962321,63.7123333333333,342000,4294825.6888404,12.5579698504105,"LM",15.1344617674135,-0.837801087225289
"Costa Rica",994.531988034061,997.149367311045,1.85333333333333,0.0717449708819262,13609.6545808087,17284.6913903197,2443.30572767955,0.295945836006827,234.717280942059,37.0666666666667,0.633333333333333,5.01211921303514,9.03133344650267,96.0637131671716,98.4926437968672,11.1420001983643,5.31378666666667,38.6,5.20987666666667,8.128165,0.658458733333333,0.382138566666667,0.612738566666667,0.4955204,0.498237566666667,5.26666666666667,NA,97.5333333333333,0.3,0.0266666666666667,88,1.2,99.2437933333333,72.85,51100,4436524.19615619,86.8204343670487,"UM",-84.1754230960095,9.96567112746453
"Cote d'Ivoire",969.661725066985,952.25267047663,4.86,0.0236372247478558,2842.10379504436,3635.29918437935,547.498088781825,0.0783858987842691,75.1914906567586,NA,NA,2.48113375701179,7.08833328882853,27.5740209077241,72.2097126529079,7.11633332570394,NA,10.1,NA,NA,-1.00039336666667,-1.179696,-1.417721,-0.853481733333333,-1.18856033333333,21.6666666666667,0.14905,59.4,3.46666666666667,341.733333333333,76.3333333333333,NA,58.0042256673177,47.751,322460,22077869.0232352,68.4670006302648,"LM",-5.61204364522522,7.55375500701049
"Croatia",997.085206042067,998.378221335727,1.47,0.175700075129557,21776.6845168001,42384.6208081423,10080.3941222765,0.116719463655872,194.331780684981,23.8,0.6,2.23845193895889,13.7443335851034,96.3907905451079,99.3460889867549,14.0026667912801,8.17712666666667,23.7,7.97241333333333,1.13141333333333,0.0442682666666667,0.6300882,0.613034066666667,0.523306466666667,0.221815733333333,2.53333333333333,2.9037,99.9,0.1,NA,96.3333333333333,5.73333333333333,100,55.3276666666667,56590,4354231.7986917,76.943484691495,"UM",16.5661897716455,45.0162339959311
"Cyprus",998.139709549695,998.681160616278,1.23666666666667,0.118178953490374,31902.0904911898,73577.3602614982,13900.7502824901,0.0696746948176667,929.227796952869,26.8,0,NA,8.63800001144408,99.4633000443329,99.7315087859784,8.35599994659425,5.63435,11.3,5.58958333333333,3.23766333333333,1.03078983333333,1.49555666666667,0.565185133333333,1.26348766666667,1.12962966666667,4.46666666666667,2.23346666666667,98.5333333333333,NA,NA,99,3.5,100,67.406,9250,1143603.79107206,123.632842278061,"H",33.0395538029541,34.9070608509434
"Czech Republic",998.565897297955,998.43216381502,1.46666666666667,0.161899413451635,30993.089872053,42258.5980121402,12350.0941057584,0.150877182724973,279.880907891606,22.2333333333333,0,2.22585649172895,6.98933331171671,99.1372485280201,99.8623734388847,8.18533341089884,7.67240666666667,22,7.65945,NA,0.315233366666667,0.921706433333333,1.05081923333333,1.18657766666667,1.00941673333333,2.5,3.61146666666667,99.9,0.1,NA,99,6.83333333333333,100,73.2123333333333,78870,10495477.6993498,133.073129191705,"H",15.3345581023658,49.775245294369
"Denmark",997.814355333352,998.460418168301,1.74333333333333,0.16826541754451,46012.637184104,157075.310481342,24789.0344079966,0.154299743316986,611.705225208265,22.7666666666667,0,2.48917382896891,7.52100006739298,99.5972316467687,99.9999985532548,7.15833330154419,7.47427,38.7333333333333,7.43325666666667,1.00933666666667,2.38150033333333,2.060812,1.01872156666667,1.86278833333333,1.89804666666667,2.5,3.61453333333333,98.4,0.1,NA,91.6666666666667,3.3,100,86.9646666666667,43033.3333333333,5555604.99539777,129.100038622721,"H",9.876372937675,56.0639344617945
"Egypt, Arab Rep.",992.068152239727,986.621639347947,2.98333333333333,0.0348597129556151,13215.815069963,16244.0876146219,4443.42175931847,0.0426695581381484,337.362538282801,25.4,0.2,9.47908692981685,11.0676666895548,93.512270850691,98.6718077908573,22.8596668243408,4.53668333333333,5.56666666666667,4.57764333333333,NA,-0.641652666666667,-0.582485933333333,-1.25726843333333,-0.3312291,-0.367950133333333,4.46666666666667,2.83,NA,0.1,NA,95.3333333333333,0.9,99.7342895507813,42.9883333333333,1001450,84950122.222404,84.8271228942074,"LM",29.8444615131244,26.5066199997496
"El Salvador",994.179577844254,992.819635485545,2.05,0.0719912400830309,8201.93225861265,13275.143088296,1709.06479236048,0.213243710726717,161.986113404877,32.8666666666667,1.16666666666667,2.67933145045558,4.34700004259745,86.0265565164688,91.1108281480402,3.62733332316081,4.30577333333333,21.4,4.35423,NA,-0.317188566666667,-0.0742190333333333,0.134809133333333,0.386631633333333,-0.7445122,12.3666666666667,1.596,98.8333333333333,0.7,0.0133333333333333,90,1.03333333333333,92.6118316666667,66.3213333333333,21040,5972923.43403515,283.884193632849,"LM",-88.8729031703238,13.7260916257942
"Equatorial Guinea",982.061308125768,970.124873865828,4.63333333333333,0.022709958328054,25895.5237682903,25614.5359352385,9325.4724173688,0.014888898728923,301.961109632962,NA,NA,5.41705839475229,8.28000005086263,64.6218790828926,61.6416227104663,9.00900014241537,NA,10,NA,NA,-1.48534266666667,-1.639677,0.2063918,-1.38608233333333,-1.28734866666667,NA,NA,68.3,5.93333333333333,452.443333333333,37,2.1,65.9330856323242,67.476,28050,1078306.25348466,38.4422906768151,"UM",10.366031325064,1.64586431996008
"Estonia",998.669305900515,998.227534112046,1.6,0.175413806896016,24180.6779560391,48196.3930509226,9062.61596298233,0.120078104461041,261.974637084146,24.7333333333333,0.466666666666667,3.96244876922095,13.0186669031779,99.2817060622541,99.5728415748891,11.5876665115356,6.25812,21.1333333333333,6.25894333333333,2.79935333333333,1.0479021,1.038992,0.636291166666667,1.39951366666667,1.16687133333333,2.76666666666667,3.27046666666667,99.3333333333333,0.766666666666667,NA,93.6666666666667,5.33333333333333,100,68.011,45230,1328371.93442391,29.369266734997,"H",25.8247256130266,58.6436954266309
"Ethiopia",975.108202354251,969.504448594784,5.25,0.0256443405010139,1632.55046953731,1262.44361422066,252.990072762393,0.10514596209693,24.1664402838354,27.4,9,21.8411926209802,2.29200005531311,5.94081213217516,34.3087955379468,3.00933329264323,2.02619666666667,27.8,2.18338666666667,41.0545366666667,-0.650385266666667,-0.447220433333333,-1.56877866666667,-0.972681266666667,-0.739564333333333,30.5666666666667,0.022,10,1.3,98.55,62.6666666666667,6.3,25.4656174977621,17.738,1104300,88463390.7133349,80.1081143831703,"L",39.5512557929377,8.65399918813258
"Fiji",988.042880817435,986.625041176662,2.78666666666667,0.0483475882030995,8558.07342620668,18574.8669566966,2357.24323764184,0.078396844026834,60.9171923359285,NA,NA,4.79668277970174,4.42433341344198,90.2001595151379,94.0422932163332,4.72366666793823,6.59643,NA,6.30018,3.073875,-0.231690566666667,-0.7561486,-0.1099635,-0.5804917,-0.821389866666667,4.46666666666667,0.426,99.5333333333333,NA,NA,99,2.3,91.0493087768555,52.6833333333333,18270,880342.491373304,48.1851391008924,"UM",163.85316464458,-17.3163094263826
"Finland",998.763494247736,998.983492198663,1.80666666666667,0.181343935168756,37500.4924724515,76634.5365705427,21339.8869860649,0.128028478077349,623.628901965541,22.5,0,2.46975966657145,7.95466677347819,99.4479605099616,100.000001501776,7.2653333346049,6.61539,41.6666666666667,6.46237,1.77616,2.19788033333333,2.23031866666667,1.40594766666667,1.84154566666667,1.95657566666667,2.5,3.0141,99.7666666666667,0.1,NA,99,5.56666666666667,100,84.308,338420,5400714.27079798,15.9586143573015,"H",26.2117646102964,64.5040940396365
"France",997.895651590407,998.149143390189,1.95666666666667,0.169396706998065,38677.7723955958,89078.4585289162,21774.1769703519,0.154147904699452,405.129131154164,26.9333333333333,0,1.86563865736476,9.02733325958252,98.654712473965,99.9821259786521,9.18333307902018,7.45081666666667,21.5666666666667,7.4258,1.27565333333333,1.484854,1.37657466666667,0.6130073,1.201358,1.47363033333333,2.5,3.1636,96.9333333333333,0.3,NA,99,6.56666666666667,100,78.623,549086.9921875,64010180.4715819,116.575663569397,"H",-2.87669669927055,42.4607043266338
"Gabon",977.806083501814,977.74315564421,3.26,0.0406171464588078,11871.7391589651,17723.6377703985,3315.66410955961,0.058894739494353,73.2903330373219,NA,NA,1.79242646417838,20.3176663716634,44.3113050138994,84.2873683020332,29.1529998779297,NA,14.9,NA,NA,-0.8185406,-0.824002166666667,0.3258205,-0.561045466666667,-0.4826964,10.0666666666667,NA,89.3,4.1,180.626666666667,74.6666666666667,6.3,86.7390889485677,86.0863333333333,267670,1528547.59175964,5.71056745903402,"UM",11.687751174902,-0.647048139804029
"Georgia",993.540083281265,995.289639677003,2.09,0.138284875061547,7192.32565020499,15465.6995709172,1940.16145195939,0.081890681769626,348.854296973028,29.5333333333333,3.23333333333333,NA,17.3233331044515,91.5001675389812,96.0079807667576,15.6193335851033,NA,8.36666666666667,NA,NA,0.175863066666667,0.489587233333333,-0.6852423,0.6505901,-0.116151966666667,7.96666666666667,4.38313333333333,99.7333333333333,0.233333333333333,0,92.6666666666667,2.76666666666667,99.7119903564453,55.919,69700,3925584.77027172,56.3211588274278,"LM",43.4815426540903,42.162015014153
"Germany",997.749574078941,998.333027296247,1.36666666666667,0.205701861075188,43696.8842383215,48301.6631630602,18695.2205613662,0.206908097242351,571.879269611559,24.15,0,1.7291582025422,6.0563333829244,99.2245477960777,100,5.75,8.90333666666667,32.8666666666667,9.11432,NA,1.78304,1.57316733333333,0.804891433333333,1.55467,1.637452,2.5,3.83806666666667,98.3666666666667,0.1,NA,95.3333333333333,8.2,100,77.0986666666667,357145.6640625,81610402.6148115,228.507331396665,"H",10.2884850927429,51.1337226904078
"Ghana",974.919333520292,973.231617610852,3.75333333333333,0.0340425235047233,2582.79505474373,2787.86504684209,748.001529170989,0.0972527252056443,43.1713824789683,31.7,3.5,8.85358500435182,5.74466673533122,14.5759695647606,75.3723248356505,6.22033325831095,3.78957,8.3,4.02827,NA,-0.0469185333333333,-0.0456240666666667,0.107966766666667,0.1229831,-0.0074845,5.56666666666667,0.0949,67.2,1.86666666666667,364.106666666667,92.3333333333333,0.9,66.1299765633138,51.3933333333333,238540,25891791.8681621,108.542767955739,"LM",-1.2369685557064,7.92865181309965
"Greece",997.487753828607,998.027985217866,1.38666666666667,0.191734045726208,27801.814937706,67080.3618030265,15460.6277054042,0.088858660180047,754.561412777924,25.9333333333333,0.7,3.18145496144302,18.33899974823,98.5140582519624,99.9581580462548,22.0696665445964,5.87976333333333,19,6.03104333333333,5.36091,-0.1152725,0.462679066666667,-0.147716933333333,0.556021333333333,0.5432985,2.5,6.07106666666667,NA,NA,NA,99,4.56666666666667,100,76.6483333333333,131960,10974065.3940879,83.1620596702627,"H",22.7198134470951,39.066715899714
"Guatemala",989.186274857298,982.519307294126,2.81,0.0479993043946136,3692.55967409597,3819.63929480582,477.136315868735,0.170024740219529,114.778016170347,NA,NA,4.61848019193316,3.46266667048136,64.7342534646182,91.3277970690097,4.62833333015442,3.12438666666667,12.8666666666667,3.23826666666667,22.96472,-0.572982833333333,-0.717102766666667,-0.7436287,-0.1528551,-1.02427223333333,15.9666666666667,NA,52.3,0.533333333333333,0.74,92.6666666666667,0.6,84.9772113439128,48.7013333333333,108890,14769749.2547632,135.639170307312,"LM",-90.3694583605315,15.6993606120269
"Honduras",992.746788372299,993.508388644928,2.98333333333333,0.044687952213258,1840.13967499318,2764.99554615948,499.90887289309,0.128475904064261,66.613245266832,42.8666666666667,6.76666666666667,5.55245212607614,4.1159999370575,75.1125940679893,91.4984894746127,5.66599988937378,3.73836666666667,19,3.39462,NA,-0.890424833333333,-0.625110466666667,-0.412486866666667,-0.183242833333333,-0.974031433333333,15.1666666666667,NA,82.8,0.466666666666667,1.4,97.3333333333333,0.733333333333333,82.2625643333333,52.5433333333333,112490,8203007.93135895,72.9221080216815,"LM",-86.5899638380154,14.8229470816529
"Hungary",997.421718462294,997.719809189686,1.32666666666667,0.168598672265259,22582.9036865476,49372.6806185067,10649.2196202718,0.0966750690348236,413.674366505137,23.3666666666667,0.0666666666666667,4.81254137238559,11.0680001576741,98.0051041452442,99.969335366041,10.7513332366943,7.75266333333333,8.9,7.79928333333333,4.16327666666667,0.3738602,0.656812966666667,0.701610866666667,1.0123569,0.720081333333333,2.5,2.99143333333333,99.0333333333333,0.1,NA,99,7.13333333333333,100,69.3156666666667,93030,9900916.32684812,106.427134546363,"H",19.3576286277459,47.1999511719543
"Iceland",999.037747424689,998.696668883607,2.03333333333333,0.123607815296254,39125.9091556508,84282.1013254736,16020.8197515044,0.153862655064069,514.837372905842,22.0666666666667,0,4.86121922087102,6.86400000254313,98.7845819230246,99.9999974470012,6.19933334986369,7.58708,40.7666666666667,7.57898666666667,3.14271,1.92281633333333,1.55334,1.170432,1.03300703333333,1.69889666666667,2.5,3.51026666666667,97.9666666666667,0.1,NA,93.3333333333333,3.4,100,93.587,103000,319460.933364065,3.10156245984529,"H",-18.7610287708318,65.074276335291
"India",976.103638094877,980.329259073407,2.70666666666667,0.0546498230258424,4934.59367924516,4585.55689656994,1230.7824580896,0.0312932910920854,77.8395203609509,30.1,4.3,10.053398830555,2.55100003878276,44.0295967334088,87.7641469717373,3.50299994150798,4.46975,10.9333333333333,4.61478,NA,-0.505879033333333,-0.0463327333333333,-1.29802966666667,-0.398649633333333,-0.0666834666666667,17.4333333333333,0.700833333333333,NA,NA,14.9633333333333,81,0.7,74.6,31.28,3287260,1269621791.05153,386.224938414221,"LM",79.5937037632538,22.9250064074085
"Indonesia",985.596778893158,986.611922744195,2.24666666666667,0.0507945685433392,8394.90529513981,8627.01604970973,1470.09968373594,0.055680015453709,109.929295123917,31.0333333333333,2.36666666666667,4.92325059797352,5.07833321889242,61.872220660366,85.0656935454096,5.58266655604045,4.68749333333333,18.2666666666667,4.64081,15.5621333333333,-0.697674066666667,-0.248880066666667,-0.739097733333333,-0.348844533333333,-0.602903366666667,11.2666666666667,0.2233,82.65,0.4,10.4433333333333,81.6666666666667,0.75,94.9933333333333,50.595,1910930,244176949.440169,127.779117728106,"LM",117.423407562274,-2.22173793652054
"Ireland",997.856901586894,998.646838287405,1.95666666666667,0.115670082219784,63678.0118607081,105663.678965312,17840.0848725863,0.181068865481661,606.077233806724,25.4333333333333,0.266666666666667,1.11043399193006,15.1129999160767,90.64674701482,97.3250178928619,12.2113332748413,5.92162333333333,14.7,5.81955,0.56043,1.57163,1.45087366666667,0.970078866666667,1.59755766666667,1.75277,2.5,2.64055,99.8,0.2,NA,94.6666666666667,2.9,100,61.742,70280,4650945.24139753,66.1773654154458,"H",-8.01023654487701,53.1805912099501
"Israel",998.034867965002,998.294978673692,2.91333333333333,0.0998405835682902,32875.513978202,71543.8002660285,12756.7685588488,0.112820252855286,457.940001245107,30.45,0.2,2.61975812213769,7.49199978510539,100.00000002399,100.00000002399,7.29266675313314,6.17756,19.7333333333333,6.10903,0.02287,0.8232441,1.33702266666667,-1.20712466666667,1.23705466666667,0.954480366666667,2.5,3.36546666666667,NA,0.1,NA,94.3333333333333,3.13333333333333,100,91.8926666666667,22070,7997148.02790431,362.353784680757,"H",35.003851206429,31.4849193900197
"Italy",998.081550360719,998.642157584235,1.38333333333333,0.20388088604434,34115.8098502759,79796.1660455497,17235.9924330474,0.133626230550662,639.577338943047,26.3,0.866666666666667,2.44917069408115,9.12566661834717,98.7693196080697,99.579115119889,10.3313334782918,8.08990666666667,21.4333333333333,8.16206666666667,0.54563,0.124987266666667,0.413373566666667,0.494449533333333,0.788019833333333,0.433387333333333,2.5,3.8608,99.9,0.3,NA,96.3333333333333,3.5,100,68.485,301340,60537558.7120352,200.894533457341,"H",12.1407883722359,42.7511830529643
"Jamaica",986.577722402045,994.727270167005,1.79333333333333,0.0805156858368464,4242.58481556082,9928.1976478559,1132.39555395639,0.118724226659369,45.2385841062427,NA,NA,9.01248295493528,12.9986667633057,85.4198869645428,90.8983542883762,17.0669994354248,4.773155,12.9,4.585815,NA,-0.217184166666667,0.1500486,-0.124005566666667,0.268800166666667,-0.409438633333333,9,0.3541,99.1,2.03333333333333,NA,94,1.75,92.3048487345378,53.935,10990,2771066.97700636,252.144401911406,"UM",-77.3242548016489,18.1376361278684
"Japan",998.935380052356,998.417368429818,1.33333333333333,0.231946652567477,39915.3536354079,41803.4110761328,15531.3854699183,0.224437700228103,486.248829257233,NA,NA,-0.346517362765944,4.6403333346049,99.9409660950672,98.7689583333333,4.24166663487752,NA,10,NA,NA,1.582909,1.471992,0.9409627,1.080647,1.332082,2.5,2.2605,99.8,0.1,NA,97,13.4,100,91.0096666666667,377955,129833428.676402,343.515573749261,"H",138.064962132708,37.6631108117046
"Jordan",988.860898829064,992.854464610729,3.48333333333333,0.0337827629008095,9041.57004383754,14093.7572524949,3325.4972020122,0.139289228859968,162.776393718049,27.5,0,4.50793353630021,12.5333331425985,97.8217531145988,99.1112558573537,21.0539995829264,4.75650333333333,10.8,4.68622333333333,18.53579,0.0714528666666667,0.0602097,-0.4500108,0.2383922,0.2666635,8.76666666666667,2.2572,99.6,0.1,NA,98,1.8,99.5978749593099,87.1483333333333,89320,7888822.29169034,88.3208944434656,"LM",36.7794549063252,31.2454905847484
"Kazakhstan",992.812829731496,992.170204678791,2.57,0.0661529480721752,6881.56669620773,10088.899925895,1373.73421306853,0.0907563021839375,45.1933468522239,23,0,7.0163506385109,5.48333326975505,97.4644755842972,91.9224636325107,6.44833342234294,7.12238,19.9666666666667,7.08549,0.17212,-0.969493733333333,-0.4287288,-0.0746846,-0.316620466666667,-0.6246752,2.76666666666667,3.49433333333333,99.9633333333333,0.1,NA,99,7.13333333333333,99.7697748111773,56.9,2724901.875,16439127.7242559,6.03292466238106,"UM",67.2846109811001,48.1916607521823
"Korea, Rep.",998.524710262986,998.151481763759,1.25333333333333,0.113536668315743,32642.2426350632,43233.0253111184,9761.67279977414,0.123709627995046,633.402552829154,24,0.15,3.05074960578305,3.43333339691162,100,99.1141380565705,3.1200000445048,5.81004666666667,15.0333333333333,5.82924,0.136256666666667,0.510984133333333,1.218922,0.3351649,0.939197733333333,1.0046854,2.5,2.03523333333333,99.8,NA,0.21,97.3333333333333,10.3,100,81.9033333333333,100070,49811654.1455715,497.768103783067,"H",127.821317128331,36.4275986041549
"Kuwait",995.323468053945,996.99523472845,1.85333333333333,0.0319638748531102,89773.8785277625,7757.91822185846,38343.3423101848,0.0596913197122468,333.224864820093,NA,NA,4.19698412642652,2.09233335653941,100,100,3.44266668955485,6.80817333333333,7.2,6.74060333333333,5.44853666666667,0.0660078333333333,0.040971,0.322232566666667,0.0688869666666667,0.502860766666667,2.5,2.4317,98.7333333333333,0.1,NA,98.3333333333333,2.03333333333333,100,100,17820,3174595.02289677,178.147868849426,"H",47.6000988876264,29.3072666340336
"Latvia",997.514323036675,997.586813817959,1.41,0.183782209298741,21217.7617924864,44019.6594661309,7627.39284346535,0.0857376495777396,349.544758628421,26.6666666666667,0.566666666666667,1.84796296432885,16.9116665522257,90.5157975227219,98.3172437463403,14.6689999898275,6.06864666666667,22,6.09201666666667,0.869583333333333,0.253471266666667,0.7484656,0.4338276,0.986692966666667,0.773434566666667,2.5,3.08543333333333,98.6666666666667,0.333333333333333,NA,91.6666666666667,5.83333333333333,100,67.869,64490,2087587.27829701,32.3707129523494,"H",24.8332961498034,56.8071751342792
"Lebanon",996.520097073301,996.920703536997,2.74666666666667,0.0559842883960659,11789.3709638242,17180.2825989754,3571.25036130392,0.135588762640074,397.740494755193,24.8,0,5.17881320410633,6.43566656112671,89.1134551282051,90.4278478207283,10.5866664250692,4.47581,3.1,4.45066,19.6550266666667,-0.882384233333333,-0.297361466666667,-1.61603833333333,-0.0407642,-0.716544433333333,6,2.8206,NA,0.1,NA,82.3333333333333,3.5,99.8770413304654,87.4846666666667,10450,6819033.22677369,652.539064763033,"UM",35.8709863200164,33.9118272078199
"Lesotho",977.107132833428,967.617750980189,3.09666666666667,0.0446537261126815,2094.27192179498,6949.78410643238,1064.42563613447,0.141508046143618,29.8255615521987,40.9,31.8,4.90745031403163,26.3119996388753,31.8593099251263,68.0618989523072,31.2406673431397,3.13759666666667,25.0333333333333,2.69541333333333,20.4635466666667,0.147107,-0.3322865,0.371638433333333,-0.575269,-0.2580393,13,0.0676,NA,24.2666666666667,NA,94.6666666666667,NA,20.7190074920654,25.2706666666667,30360,1920378.60729569,63.2535773154048,"LM",28.1701052951705,-29.625290493692
"Lithuania",997.68197307378,997.279755330829,1.64666666666667,0.175674638357548,25440.4565882969,38199.3859575167,8505.92813992859,0.116514279642017,378.904359624004,25.3666666666667,0.733333333333333,2.84648946744595,15.5229997634888,90.0872614110958,94.714914080758,13.0019998550415,8.31658,20.9,8.40480666666667,0.39851,0.365943966666667,0.760153933333333,0.7242236,1.00580703333333,0.802578766666667,2.5,4.03063333333333,100,NA,NA,93.3333333333333,7.33333333333333,100,66.7873333333333,65300,3093929.74991043,47.3802411931153,"H",23.8806402758435,55.2843194847661
"Luxembourg",998.85642492149,999.002718018246,1.57666666666667,0.139687480338967,91912.2787479918,228121.607453532,37619.8509175878,0.1279897587726,554.644945634235,24.8,0,2.782401393993,4.80066665013631,97.6337611518675,99.9957334970901,5.7549999554952,7.18308666666667,22.2333333333333,7.07416,2.57256666666667,2.10967233333333,1.71411,1.37018833333333,1.76974433333333,1.82784566666667,2.5,2.763,NA,0.2,NA,99,5.3,100,88.9006666666667,2590,513257.155722752,198.16878599334,"H",5.965223432344,49.765705074151
"Madagascar",973.279082353519,951.609041225201,5.24,0.0228512932205886,33.0065037655843,32.4669368087234,4.76094903139555,0.195275544901821,0.499517929712241,33.9,38.6,8.14790218806054,2.31400005022685,8.25913661232679,47.2535946289337,2.76266658306122,2.58162,14.1666666666667,2.65848,NA,-0.524388466666667,-1.02705116666667,-0.740020566666667,-0.552568866666667,-0.889591033333333,32.4333333333333,0.160666666666667,NA,0.2,54.8966666666667,71,0.2,16.3119922637939,32.5816666666667,587210,21923654.3724224,37.3352878398229,"L",46.6911709147164,-19.3561140778288
"Malawi",974.38330896412,960.998465351009,5.08333333333333,0.0320794745000972,391.309192901729,568.418020812234,104.940364366116,0.32861307325318,2.71760695706601,36.9,34,12.1018928529005,6.29133335749308,24.3001964493674,63.2783258638366,7.62366676330566,1.86973333333333,21.8,1.99667666666667,NA,-0.4585771,-0.4382262,-0.0105677,-0.659436866666667,-0.166447066666667,21.1333333333333,0.019,71.4,10.4666666666667,286.03,95.3333333333333,1.3,7.9,15.676,118480,14712707.3016271,124.178825975921,"L",34.1936053269224,-13.1728349923419
"Malaysia",995.964387197198,996.699959899015,2.14666666666667,0.0517596448969213,23982.9917089486,33610.8019353354,6072.15374872056,0.0734585922424444,231.860968797826,33.2,0,2.15363143402515,3.1133333047231,99.022846667158,96.9037807432008,3.30266658465068,4.87513333333333,10.2333333333333,4.70625333333333,11.4510466666667,0.118796333333333,1.02051506666667,0.0718498333333333,0.580498333333333,0.4739611,3.53333333333333,1.2596,98.63,0.4,3.73666666666667,96.3333333333333,1.83,99.5521916707357,71.5986666666667,330800,28483905.0566969,86.1061216949725,"UM",109.69814844863,3.72558842577372
"Mali",959.997300586554,919.466305269249,6.32,0.0294391242826751,1150.84515393273,1380.35220442101,213.625156579203,0.129682990486651,29.7835253359038,NA,NA,3.12923310987879,7.35233322779338,30.1945062168129,68.0428390084264,9.24466673533123,1.946805,10.2,2.39052,50.40315,-0.713959666666667,-0.894476033333333,-0.975202633333333,-0.434095833333333,-0.5407255,6.66666666666667,0.1041,28.1,1.4,407.303333333333,68,0.1,25.9961107889811,36.799,1240190,16397154.3295831,13.2214856833091,"L",-3.54329433945334,17.2677720617007
"Mexico",994.329605062399,992.682040822245,2.49,0.0622942558626123,15244.4187520095,15886.5970257243,4231.45693495616,0.107963975064855,328.721482025244,38,1.4,3.89187176118735,5.1200000445048,85.8004215138939,96.2918306459897,5.06199995676676,5.39949666666667,29.7333333333333,5.19074,12.1116433333333,-0.391830966666667,0.2709747,-0.685562066666667,0.336585966666667,-0.544711233333333,4.56666666666667,2.0883,96.84,0.2,0.423333333333333,97,1.56666666666667,99.1988975600586,78.1103333333333,1964380,117749860.682334,59.9425063797909,"UM",-102.576349523987,23.9353719022448
"Moldova",987.751395330244,995.34525803496,1.38666666666667,0.114834385147163,3397.61065806024,5249.13219909797,1280.22508029177,0.154303073830254,131.677418792964,24.5,0.0333333333333333,6.57247872354112,6.56866677602132,75.1057151929796,86.8626495625242,5.20066658655802,6.17115,19.4666666666667,6.11459333333333,13.0841833333333,-0.635691633333333,-0.616260433333333,-0.128047966666667,-0.0969121333333333,-0.339747633333333,NA,2.4586,99.2666666666667,0.566666666666667,NA,91.6666666666667,6.2,99.9948883056641,42.589,33850,3847440.83622992,113.661472266763,"LM",28.4104827908033,47.2036764260675
"Mongolia",984.97843791963,987.553086712697,2.66333333333333,0.0365131929064851,8139.0123720034,11009.4936744046,3053.53027079782,0.0550056192643335,67.5017997787143,26.1666666666667,0.1,10.9355651798691,5.07433327039083,56.0539580477875,77.7736968605109,4.60833334922791,5.50439,7.56666666666667,5.31418,NA,-0.654122266666667,-0.5979517,0.558238666666667,-0.223119533333333,-0.3342394,19.5666666666667,2.8983,98.4,0.1,NA,98,6.51666666666667,76.6713679266471,67.8533333333333,1564120,2883569.15381516,1.84357284211899,"LM",102.946406208466,46.8236811262636
"Morocco",986.099674534538,990.532831499427,2.43666666666667,0.0582764648161947,7105.36083045786,14905.8925758983,2210.6734079917,0.076929488383239,191.90439718726,NA,NA,1.06253490390345,8.99666659037272,82.6482382369002,78.9542992426418,9.8876667022705,3.67141,14.8333333333333,3.97273333333333,19.0661166666667,-0.347495333333333,-0.10499,-0.415242966666667,-0.0936928666666667,-0.202900133333333,4.9,0.62,73.85,0.1,NA,99,0.966666666666667,92.9921366373698,58.5803333333333,446550,33520236.3581776,75.0649117863119,"LM",-8.42047954454969,29.8853946983021
"Mozambique",974.087683773308,949.324773495478,4.85333333333333,0.0246401378179641,811.674669455366,1828.75189726439,289.444311850189,0.123343288820022,2.73259829091973,NA,NA,NA,3.60999997456868,22.0387524540649,42.2780514648363,3.42900005976359,1.20726666666667,39.2,1.31937666666667,39.1232366666667,-0.502057566666667,-0.6173599,0.3723213,-0.425964333333333,-0.541607,27.4,0.0503333333333333,54.3,12.1,360.053333333333,75.3333333333333,0.7,19.0003716786702,32.3373333333333,799380,24338951.2683329,30.4472857318583,"L",35.4726159786443,-17.2304489756597
"Myanmar",978.431264767901,976.431154300974,2.15,0.0538080930732703,4036.42834917828,2055.15439395651,802.301403763567,0.0504102868393598,42.6710624115638,NA,NA,4.73580844389672,0.89166667064031,66.6259915691492,70.81640988204,0.997666637102764,3.04975,4.6,2.97656,38.23379,-1.44099266666667,-1.56537533333333,-1.113567,-2.06047233333333,-1.44696666666667,15.4,0.555866666666667,70.6,0.8,58.0466666666667,86,0.9,51.650001780192,29.0753333333333,676590,50525402.0087233,74.6765426753622,"LM",96.5058409420616,21.0169998737738
"Namibia",984.119734316053,978.872238785256,3.39333333333333,0.0425984616564254,7023.93512357267,21282.450136716,2523.18882896949,0.148838923837193,56.3699588569823,NA,NA,5.53417094353911,19.5036665598551,32.506644686199,80.4939284063696,21.60733350118,NA,24.4,NA,NA,0.328285633333333,0.0862809666666667,0.912233933333333,0.0689095666666667,0.179775366666667,35.8,0.374,NA,13.2333333333333,2.29,83,NA,46.4234962463379,42.6486666666667,824290,2149406.85305008,2.60758574415567,"UM",17.1561681261941,-22.0997769317311
"Nepal",981.20493122495,988.271144270213,2.51666666666667,0.0493133891925637,840.911036378208,1232.06298485372,144.84326552688,0.0895464150317891,20.1009286203916,26.4,3.1,9.33779645742825,1.54233332475027,43.7518638637286,85.9110000570181,1.314333319664,4.31891333333333,33.2,4.36046666666667,NA,-0.761474666666667,-0.919599833333333,-1.460549,-0.75552,-0.858102733333333,9.5,0.5036,36,0.2,2.86333333333333,88,0.3,72.7838022867839,17.1113333333333,147180,27972784.0406571,190.058323417972,"L",84.0131736769253,28.2394400190494
"Netherlands",997.483321868307,998.575924441878,1.73333333333333,0.157187021649836,47516.3898127634,94039.6315585566,21559.2959952268,0.190298609580395,468.478283417256,22.5,0,2.02397450866555,5.08266671498617,97.7906575008633,100.000000727081,5.38633330663045,7.47195666666667,40.0333333333333,7.53836,1.14658666666667,2.12732066666667,1.77722166666667,1.08061536666667,1.76526166666667,1.83421966666667,2.5,3.10763333333333,NA,0.2,NA,97,NA,100,87.867,41540,16652735.3282797,400.884336260947,"H",5.5122171009654,52.2987003744418
"New Zealand",997.581686235511,997.995719407306,2.12666666666667,0.13314016843287,33899.8386838007,87043.067377909,11034.6644933033,0.221141319376228,334.388389860025,NA,NA,2.46328123932083,6.65966685612996,100.000000455376,100.000000455376,7.0286668141683,8.48529666666667,32.6666666666667,8.29103666666667,NA,2.317255,1.83175566666667,1.324862,1.87939066666667,1.88810733333333,2.5,2.6411,96.45,0.1,NA,93.6666666666667,2.3,100,86.1403333333333,267710,4295286.6948102,16.0445508005312,"H",172.701925944056,-41.6625787571587
"Nicaragua",991.172506339762,993.468052825578,2.63,0.0470170800121255,2471.37114396186,3485.19798708968,559.32508490154,0.186305385272568,56.3215193151568,NA,NA,6.91035759108492,6.47300004959106,69.3959054082455,81.3523263228979,7.07666683197022,3.97848,33.7,3.76009,11.82405,-0.751331,-0.9195188,-0.372740866666667,-0.306426833333333,-0.761879533333333,19.9666666666667,0.8139,81,0.2,0.47,98,0.933333333333333,78.6645736694336,57.113,130370,5868777.58800578,45.0163196134523,"LM",-85.0203185008025,12.848190428037
"North Macedonia",993.383487086248,996.434938643026,1.51666666666667,0.119152454075371,10087.8683389235,15199.400229759,3018.24493724728,0.134076639682908,203.290070905662,26.8333333333333,4.23333333333333,2.91026170261666,31.4713338216146,94.5460125169258,94.7182433592625,31.1210009256999,6.50209,31.9666666666667,6.58359,NA,-0.0709178666666667,-0.0892651,-0.543043466666667,0.331013266666667,-0.240564166666667,4.53333333333333,2.7255,97,0.1,NA,95.3333333333333,4.5,NA,57.102,25710,2137414.61402418,83.135535356833,"UM",21.6979033752808,41.6059296471401
"Norway",998.529830526368,998.899711981755,1.86333333333333,0.151197124342278,56855.2679803822,148955.937420238,27530.0529600305,0.173089454644729,755.465539016688,20.7666666666667,0,1.46690736479995,3.28633324305217,98.0615690160011,100.000000015673,2.85633333524068,6.68070666666667,39.6,6.73770333333333,0.623026666666667,2.16364866666667,1.87520466666667,1.33258633333333,1.556717,1.90990866666667,2.5,4.18226666666667,99.1666666666667,0.1,NA,94,4.16666666666667,100,79.477,385178.0078125,4920718.29971594,12.7751797867735,"H",15.4681199552068,69.1568563097536
"Paraguay",995.435485146603,992.443762488287,2.84,0.054516665740112,8695.71385135498,7745.55996781795,2994.26380073992,0.105716645299627,200.666371534617,39.6,1.4,5.52701667480362,4.44099998474121,83.3216165449361,91.8652912292105,5.98366673787435,4.46598,12.5,4.33803666666667,11.82275,-0.767439433333333,-0.888781766666667,-0.799787,-0.349507466666667,-0.848787733333333,12.0333333333333,1.2859,95.7,0.5,0.0266666666666667,91.3333333333333,1.3,97.8343453333333,59.584,406751.9921875,6249121.95971642,15.3634698286512,"UM",-58.3873878335057,-23.2480419462921
"Peru",993.148829580388,991.53236881475,3.09333333333333,0.0693059526808058,9867.67803497569,15348.0297133635,2063.59519705669,0.134855493043003,149.535963533408,33.6666666666667,1.43333333333333,2.85111353949255,3.34299993515014,71.2563518475838,87.8029946863189,3.64100003242493,4.70927666666667,23.5,4.71890666666667,1.457355,-0.273073266666667,-0.164425,-0.889343266666667,0.468617,-0.571272466666667,10.2333333333333,1.0182,85.1666666666667,0.3,3.04333333333333,93,1.5,89.6433533333333,76.617,1285220,29484442.6704674,22.9411639022637,"UM",-74.3918058168472,-9.19156290513455
"Philippines",987.995290965311,985.219489523575,3.43,0.0420697025749975,4106.74975598674,5084.25317595263,693.52487563552,0.0665404811455296,79.7868838335771,36.3,2.3,3.84507243546935,3.56699999173482,69.8053176601404,90.599932344594,3.7843333085378,NA,22.6333333333333,NA,NA,-0.663489166666667,0.0666838,-1.410394,-0.174089666666667,-0.5289328,13.7,1.275,72.2,0.1,0.593333333333333,84.6666666666667,0.75,85.1766255696615,45.522,300000,97117176.5245849,323.723921748616,"LM",122.902672369887,11.7637993622977
"Poland",997.241095924347,998.228821403325,1.31666666666667,0.137327880393065,24694.0455944404,36284.7850401079,9912.93602979566,0.105292914744353,316.080566791593,25.5333333333333,0.1,3.4601555719309,9.78566678365072,94.955331955294,97.7017806641812,10.4403333663941,5.71035,22.4666666666667,5.72039666666667,7.43898333333333,0.5724453,0.645776066666667,1.04629066666667,0.956530833333333,0.743386733333333,2.5,2.19593333333333,99.8,NA,NA,99,6.5,100,60.7753333333333,312680,38457396.8492218,122.992826049705,"H",19.3110143084487,52.1482602193319
"Portugal",998.09606136851,998.348794281913,1.26666666666667,0.187808391130907,27749.4403830191,60444.9486523879,13522.8536384385,0.11848927673414,635.068980854725,28.1666666666667,0.2,2.60964081459226,12.9913336435954,98.9222353173836,99.6841165228174,13.4673334757487,6.45860333333333,28.2666666666667,6.40973,NA,1.0545243,0.9974857,0.744899633333333,0.724246166666667,1.04865233333333,2.5,3.9504,NA,0.6,NA,97.6666666666667,3.4,100,61.1656666666667,92210,10769776.8942655,116.796192324754,"H",-8.05576558829569,39.6340497749782
"Romania",995.794991677512,995.390180845828,1.46,0.158493475137971,11246.923312581,18726.3877977119,3714.6263841733,0.114766644343878,103.833440042546,25.0666666666667,2.06666666666667,5.07186421703739,6.97666676839193,79.8424452632396,100,6.24066670735677,7.81973,11.9666666666667,7.86621666666667,6.89498333333333,-0.234393066666667,-0.3021533,0.180677566666667,0.6185995,0.0490992333333333,2.5,2.5336,98.8333333333333,0.1,NA,91.3333333333333,6.2,100,53.921,238390,20481412.9437329,85.9155708869203,"UM",24.9432524946354,45.857101035738
"Russian Federation",995.972615077217,996.478949968836,1.63,0.124363170090997,25170.59,34292.4127854061,9104.105,0.09155621280523,401.8533,31.3,0,6.78820005662246,6.44699986775716,87.9677977473145,96.3162575739643,5.99666659037272,6.689385,13.7333333333333,6.746985,NA,-1.06596166666667,-0.453350466666667,-0.9151445,-0.346864833333333,-0.769710133333333,2.5,3.5562,99.3666666666667,NA,NA,97,8.6,100,73.7366666666667,17098250,145376501.412114,8.50241992087578,"UM",96.803318182901,61.9616634949229
"Saudi Arabia",994.985173024497,995.684183091947,2.13,0.0234423784621436,58016.6188343971,15301.1217277912,21066.3270143377,0.0901296470114596,319.929751565386,NA,NA,4.67730133439999,5.61333338419596,99.372884987204,98.980056389947,19.1693331400554,NA,0,NA,NA,-0.1010312,-0.0916486333333333,-0.390738266666667,0.0975014333333333,0.1184847,6.36666666666667,2.44303333333333,97,NA,0.0266666666666667,98,2.13333333333333,100,82.302,2149690,28999280.5522974,13.4899825334339,"H",44.5163637682648,24.1232898391053
"Slovak Republic",996.977889863015,996.904968218538,1.39,0.126599063353133,28773.8392714002,45190.3005045,11560.170550009,0.132328066376157,444.785247699247,21.0666666666667,0.2,2.82746891988898,13.986333211263,97.9078751300426,98.9985715042521,14.2486664454142,8.21683333333333,16.6666666666667,8.17377,3.71454,0.2221225,0.835349833333333,1.0388251,1.017602,0.556823533333333,4.1,NA,99.2333333333333,0.1,NA,99,6.13333333333333,100,54.4616666666667,49036.3346354167,5408211.01631746,110.289870899351,"H",19.5076571474337,48.7267113517275
"Slovenia",998.554863080907,999.135822945592,1.56666666666667,0.16630298114367,29703.0433502218,51808.8892973937,15632.3004293066,0.112091903788676,289.060236329921,20.8333333333333,0,2.06714526706018,8.08066685994466,99.1088802603738,99.5514878446157,8.1866668065389,6.82452,26.2666666666667,6.85369333333333,2.29481333333333,0.9038071,1.0158675,0.923609733333333,0.696388233333333,1.025415,2.5,2.4886,99.8666666666667,0.1,NA,96,4.56666666666667,100,52.883,20270,2043569.73062765,100.817450943643,"H",14.9381523207957,46.1254220590104
"Solomon Islands",987.734873235936,987.164668292397,4.55,0.0321892416036278,1117.39696843987,3269.40716491157,508.352981126894,0.117169257668195,2.8359433716417,NA,NA,4.76873157276732,1.90333334604899,27.851420408829,72.6405251579365,1.72900001207988,3.28294,0.666666666666667,3.47491,NA,-0.3496332,-0.875043466666667,0.2793895,-1.091751,-0.571680266666667,11.2666666666667,0.193966666666667,NA,NA,129.31,88.6666666666667,1.4,34.6669680277507,20.5086666666667,28900,564096.63658035,19.5189147605657,"LM",159.96661544743,-8.85249747084853
"South Africa",987.924454757074,980.240484275308,2.47,0.0531874761574648,9336.84261273211,24044.9979217602,2900.99477569499,0.139083777037606,53.9052667431157,51.3,4.9,4.9348801226058,24.6926670074463,70.0553030269659,90.0884286144351,27.1126664479574,4.80099666666667,43.0333333333333,4.66948333333333,NA,0.0258736333333333,0.3810411,-0.0102607,0.3839796,0.134686166666667,4.43333333333333,0.722866666666667,NA,19.2666666666667,1.50333333333333,74.3333333333333,NA,84.3,62.7453333333333,1219090,51362919.0070389,42.1321797464001,"UM",25.0480138798617,-28.9470332599791
"Spain",998.231769572853,998.535501899451,1.30666666666667,0.171209023834581,34447.517108362,46274.0653952839,14806.2629937708,0.141176581687119,619.004808137827,25.9,0.666666666666667,2.48067597603918,22.0123335520426,99.9039512634626,99.9953911550708,22.3586661020915,7.35838,36.2,7.33359666666667,0.14197,1.105568,1.04757193333333,-0.108818533333333,1.05971983333333,1.15060766666667,2.5,3.793,NA,0.4,NA,97,3.1,100,78.6723333333333,505713.333333333,47106878.0918262,93.1493693894293,"H",-3.61702060238737,40.3486561062267
"Sri Lanka",994.636540517715,996.740595336541,2.17,0.0746408238015317,8979.63636844244,8510.66365219392,1448.60762819925,0.0975968338719567,132.306349172679,32.2,0.3,6.82577702044198,4.31000010172526,91.7094517032813,85.9442864330344,6.9723334312439,7.96504666666667,5.63333333333333,7.86444,6.63766333333333,-0.350469166666667,-0.1713234,-0.7949325,-0.1480072,-0.122054666666667,12.9666666666667,0.7262,NA,0.1,0.06,99,3.55,87.2894651285807,18.211,65610,20697971.5464064,315.469769035306,"LM",80.6672357493165,7.7005344172481
"Sudan",975.649615446337,971.978305821086,4.99333333333333,0.0317436786672042,227.758634787936,164.114088002212,28.4359797329488,0.120629008177221,8.47887102427236,NA,NA,22.3009684190386,13.1906668345133,29.5767837892534,53.2791016320799,24.1203327178955,1.94442666666667,24.9333333333333,2.05795666666667,55.09504,-1.28451466666667,-1.380039,-2.48291933333333,-1.38336066666667,-1.27140133333333,23.5,0.28,72.4,0.2,27.5466666666667,91.6666666666667,0.766666666666667,35.9680519104004,33.214,NA,35032122.518777,NA,"LM",29.8626040122579,15.9905850031167
"Sweden",998.444008403591,998.708418022569,1.9,0.187888128405313,44124.3334463538,111430.429124457,21892.7800640064,0.179825574651991,630.166945050397,21.6333333333333,0.366666666666667,1.66917209076713,8.12999979654948,99.3086872667381,99.9999987206453,7.99833329518636,5.81975,44.8,5.85028333333333,7.24685666666667,2.261471,1.975429,1.16515166666667,1.821772,1.949243,2.5,3.96163333333333,NA,NA,NA,98,2.66666666666667,100,85.3243333333333,449340,9488054.52293285,21.1155350579357,"H",16.596265846848,62.8114849680803
"Switzerland",997.389271512648,998.765930227243,1.48666666666667,0.169869578218893,65102.8547332106,59326.3809837804,21229.4330447835,0.213557886894462,1779.77340074258,25,0,0.0756747279053576,4.5666667620341,99.893440631895,100.000001039077,4.90566682815552,6.63757,28.8333333333333,6.73127666666667,NA,2.08487833333333,1.878601,1.32575733333333,1.63434733333333,1.76920933333333,2.5,3.8427,NA,NA,NA,95.6666666666667,4.9,100,73.6303333333333,41290,8037727.71819642,194.665238997249,"H",8.11830061338549,46.7917376836676
"Tanzania",976.174579487182,963.453750812933,5.30666666666667,0.0320560986605781,2396.12102637958,2459.90358494741,414.613210650139,0.176512629377601,28.4537278314676,31,15.4,11.630739759008,3.24833337465922,20.8080518425526,45.6223696621848,3.97466667493184,1.62589,36,1.83813,NA,-0.62797,-0.6468366,0.0139308,-0.411594133333333,-0.508826566666667,33.7,0.0191,55.15,4.96666666666667,131.22,91,0.7,14.7666666666667,28.8016666666667,947300,45834812.8128094,48.3846857519364,"L",34.752989854756,-6.25773242850609
"Thailand",995.329493580581,994.946993777811,1.47,0.0892657735613659,11029.9533582156,17170.7575732571,2009.58622135255,0.145302184489949,44.47827824545,30.3333333333333,0,3.3570928363945,0.620666662851969,96.2607496910037,98.1050832807171,0.609666665395101,5.20022,14.9666666666667,5.02366,NA,-0.3411636,0.2060986,-1.26431766666667,0.2063079,-0.1865681,8.76666666666667,0.3905,99.6,1.43333333333333,2.34,99,2.1,99.1750129847318,44.6663333333333,513120,68209003.7501497,132.92992623587,"UM",101.006133546261,15.0169749914165
"Timor-Leste",985.555474283243,982.430893993354,4.71666666666667,0.0491337966974915,4914.77068630929,18877.6836342791,2525.72017086715,0.0584388815891323,15.2010677035695,NA,NA,10.6887089036987,3.25033338864645,46.9336925621288,65.9450936274695,4.20533339182536,4.19861666666667,33.3333333333333,4.22898666666667,29.82545,-0.7683884,-1.18627866666667,-0.404899333333333,-1.056574,-1.16250966666667,27.9333333333333,0.0785,29.3,NA,254.033333333333,74,5.9,46.5199508666992,28.0796666666667,14870,1134310.1406776,76.2817848471822,"LM",125.966300273684,-8.767760362467
"Togo",975.997157319592,958.895990784814,4.54333333333333,0.026834565024515,1177.87291507468,1986.02425746443,305.076365129366,0.0896361928452152,37.2569484848483,34.5,23.2,2.52888054796891,1.89833335081736,13.6818356450159,58.4269372893874,1.57500000794729,NA,11.1,3.85497,NA,-0.989949833333333,-1.35664,-0.242801566666667,-0.9074569,-0.9094674,20.1,0.2022,43.9,2.8,355.246666666667,84,0.7,36.6114421290572,38.037,56790,6541198.18964444,115.182218518127,"L",0.996403943670358,8.43954195466962
"Trinidad and Tobago",988.608293655072,993.014036992734,1.7,0.0890865908167931,37891.2656747725,97605.19279413,12887.5188421289,0.0769598574299143,767.816904864014,NA,NA,8.30553819377572,3.49200002352397,92.8750149352882,96.7636905592769,4.18466671307882,NA,28.6,NA,NA,-0.146294666666667,0.333968333333333,0.0648449333333333,0.394417733333333,-0.1548206,8.56666666666667,1.8149,99,NA,NA,90.6666666666667,2.4,99.6571477254232,53.844,5130,1357871.63438129,264.692326390115,"H",-61.3303669144497,10.4282370892019
"Turkey",991.392132664163,992.439142760695,2.12,0.0762628373160492,15014.0901618468,25612.8761752822,4724.55948189083,0.101076580933125,89.1308951437786,30.1,0.0333333333333333,7.97663128060079,9.20166651407877,93.3769126343902,98.1309643996064,10.2690003712972,5.77803666666667,12.5,6.01232,1.37960666666667,0.0770730666666667,0.350710166666667,-1.0319382,0.363032133333333,0.0739133,2.5,1.7213,NA,NA,0,97,2.56666666666667,99.9654795328776,71.4003333333333,785350,75237745.7298502,95.8015480102505,"UM",35.1169001509384,39.0683719406147
"Ukraine",995.357332141828,994.915790170399,1.45666666666667,0.149995362588375,3150.18748248383,6127.53943132576,1633.89898678065,0.0725859102415882,102.933777398489,20.8333333333333,0,5.96579456178004,7.83000024159749,95.8065641228544,94.6198724090563,6.69933334986369,6.49655333333333,8.46666666666667,6.57080333333333,5.46123,-1.05147433333333,-0.730633166666667,-0.0498582333333333,-0.5714562,-0.803110766666667,2.5,3.48986666666667,99.6,0.9,NA,59.3333333333333,9.1,99.9325378471887,68.689,603550,46081706.1117028,76.3510995140466,"LM",31.2291220702665,49.1488226084035
"United Arab Emirates",992.423490561154,993.621917009794,1.42333333333333,0.00477327949834949,75602.43480575,2582.86942582968,22590.4463305683,0.0815229370296841,382.392456756083,NA,NA,0.806277420036993,2.52199999491374,98.561329926849,95.8510972724822,6.01199992497762,NA,19.1666666666667,NA,NA,1.0457672,1.03427803333333,0.859061666666667,0.4819057,0.4557685,5.5,1.48886666666667,NA,NA,NA,95,1.36666666666667,100,84.4196666666667,83600,9127528.81202778,109.18096665105,"H",54.2067147615963,23.8686336533476
"United Kingdom",997.315675618274,998.195820844212,1.86,0.163589161960787,37970.4051445545,91221.7391508081,15949.4638389827,0.179244149646593,276.544946808464,25.5333333333333,0.133333333333333,2.97400065601471,7.90300003687541,99.1171896326359,99.9999984690343,7.19799995422363,6.75249333333333,22.2666666666667,6.73850333333333,2.39358666666667,1.63169033333333,1.558274,0.388598833333333,1.67786666666667,1.71115666666667,2.5,2.70596666666667,NA,NA,NA,94.6666666666667,2.9,100,81.5696666666667,243610,64096368.5031186,263.110580448744,"H",-2.85313539518056,53.9147734805371
"United States",996.150728432384,997.092030222756,1.88666666666667,0.131362731462389,51387.1878039841,52493.8799990643,18766.5746717486,0.279441002104846,902.315595125034,29.4,0.9,2.28874075875751,8.8836669921875,99.9688329257955,99.2380456077506,8.32000017166138,5.74851666666667,17.2,5.72435666666667,NA,1.3171,1.53549633333333,0.5540311,1.40266166666667,1.62180866666667,2.5,2.47023333333333,99.2666666666667,0.4,NA,95,2.93333333333333,100,80.945,9831510,311384610.300317,31.672104315646,"H",-112.599435911504,45.7056280021519
"Uruguay",994.999113750179,995.947253777123,1.97,0.13939764308757,9057.2685709658,16459.6049631542,2807.65975840824,0.184674571462788,128.583508604852,31.5666666666667,0.0333333333333333,7.62976891284909,6.63866678873698,95.4021136268566,98.5586365869403,8.62633355458577,6.59072,13.1333333333333,6.09475,NA,1.30456333333333,0.540866366666667,0.8304169,0.421961733333333,0.676931033333333,2.5,3.736,99.6,0.5,NA,95,2.23333333333333,99.1695206705729,94.5883333333333,176220,3368697.21589525,19.1164295533722,"H",-56.0032786665485,-32.7809043652308
"Uzbekistan",988.571261533051,989.307021278948,2.54333333333333,0.0400171239112231,84.1419767822197,119.040342847117,24.474123980012,0.0959255228778467,1.70501010452368,NA,NA,NA,5.06333335240682,99.0583620830221,96.4659062314596,4.91833337148031,7.24678333333333,22,7.26388333333333,6.84295,-1.323114,-0.7698157,-0.612965566666667,-1.56380766666667,-1.38400166666667,8.16666666666667,2.4895,100,0.166666666666667,0.0333333333333333,99,4.3,99.9948374430338,51.052,447400,29388714.086271,65.6877829375748,"LM",63.2036395282318,41.7486026646522
"Vanuatu",986.077143412793,985.26714961088,4.01666666666667,0.0374281768149476,2281.040874784,3873.98583082547,561.65064302596,0.139724964255332,6.47297165796966,29.4,3.2,1.66129714277705,5.85833342870077,46.5128120030584,87.1883149422807,6.52833334604899,4.20267,1.9,4.26771,NA,0.309403833333333,-0.246403733333333,1.195456,-0.716152033333333,0.274314633333333,6.1,0.15095,NA,NA,49.52,79.3333333333333,NA,38.4385948181152,24.5613333333333,12190,253275.235880074,20.7772958064048,"LM",167.073751268227,-15.5426770575549
"Zambia",978.526564273812,962.629262965458,5.21666666666667,0.0240435045247911,2318.22439818971,3403.57831589157,546.634381761977,0.14536255222232,15.7683689190398,45.2,31.6,7.16901928398432,10.4133330980937,25.4739290139423,56.3997302594994,10.116666952769,NA,12.3333333333333,NA,NA,-0.395565066666667,-0.662169066666667,0.562029233333333,-0.453952,-0.437291,48.8333333333333,0.128566666666667,NA,12.8666666666667,166.72,80.6666666666667,2,23.7411034901937,39.8533333333333,752610,14164549.846672,18.8205708755824,"LM",27.7275919187606,-13.3950675535242
